-- phpMyAdmin SQL Dump
-- version 4.9.0.1
-- https://www.phpmyadmin.net/
--
-- Host: 127.0.0.1
-- Generation Time: Dec 03, 2019 at 06:21 AM
-- Server version: 10.4.6-MariaDB
-- PHP Version: 7.3.9

SET SQL_MODE = "NO_AUTO_VALUE_ON_ZERO";
SET AUTOCOMMIT = 0;
START TRANSACTION;
SET time_zone = "+00:00";


/*!40101 SET @OLD_CHARACTER_SET_CLIENT=@@CHARACTER_SET_CLIENT */;
/*!40101 SET @OLD_CHARACTER_SET_RESULTS=@@CHARACTER_SET_RESULTS */;
/*!40101 SET @OLD_COLLATION_CONNECTION=@@COLLATION_CONNECTION */;
/*!40101 SET NAMES utf8mb4 */;

--
-- Database: `microblog`
--

DELIMITER $$
--
-- Procedures
--
DROP PROCEDURE IF EXISTS `fetchPostsOfUser`$$
CREATE DEFINER=`root`@`localhost` PROCEDURE `fetchPostsOfUser` (IN `userId` INT, IN `perPage` INT, IN `pageOffset` INT)  BEGIN
SELECT * FROM (
SELECT
	a.*,
	users.username,
    users.avatar_url,
	null as is_shared,
	null as shared_avatar_url,
	null as shared_body,
	null as shared_user_id,
	null as shared_username,
	null as shared_created
FROM posts a
LEFT JOIN users
ON users.id = a.user_id
WHERE a.user_id = userId
AND retweet_post_id IS NULL
AND a.deleted IS NULL

UNION

SELECT
	b.id,
	orig.title,
	orig.body,
	b.retweet_post_id,
	orig.user_id,
	orig.img_path,
	orig.created,
	b.modified,
	b.deleted,
	users.username,
	users.avatar_url,
	1 as is_shared,
	shared_user.avatar_url as shared_avatar_url,
	b.body as shared_body,
	b.user_id as shared_user_id,
	shared_user.username as shared_username,
	b.created as shared_created
FROM posts b
INNER JOIN posts orig
ON b.retweet_post_id = orig.id
LEFT JOIN users
ON users.id = orig.user_id
LEFT JOIN users shared_user
ON shared_user.id = b.user_id
WHERE b.user_id = userId
AND b.retweet_post_id IS NOT NULL
and orig.deleted IS NULL
AND b.deleted IS NULL
) Post
ORDER BY modified DESC
LIMIT perPage
OFFSET pageOffset;

END$$

DROP PROCEDURE IF EXISTS `fetchPostsToDisplay`$$
CREATE DEFINER=`root`@`localhost` PROCEDURE `fetchPostsToDisplay` (IN `userId` INT, IN `perPage` INT, IN `pageOffset` INT)  BEGIN
SELECT * FROM (
    SELECT
        a.*,
        users.username,
		users.avatar_url,
        null as is_shared,
        null as shared_avatar_url,
        null as shared_body,
        null as shared_user_id,
        null as shared_username,
        null as shared_created
    FROM posts a
    LEFT JOIN users
    ON users.id = a.user_id
    WHERE (user_id IN (
        SELECT following_id FROM followers
        WHERE user_id = userId
        AND followers.deleted IS NULL
    ) OR user_id = userId)
    AND retweet_post_id IS NULL
    AND a.deleted IS NULL

    UNION

    SELECT
        b.id,
        orig.title,
        orig.body,
        b.retweet_post_id,
        orig.user_id,
        orig.img_path,
        orig.created,
        b.modified,
        b.deleted,
        users.username,
		users.avatar_url,
        1 as is_shared,
        shared_user.avatar_url as shared_avatar_url,
        b.body as shared_body,
        b.user_id as shared_user_id,
        shared_user.username as shared_username,
        b.created as shared_created
    FROM posts b
	INNER JOIN posts orig
    ON b.retweet_post_id = orig.id
    LEFT JOIN users
    ON users.id = orig.user_id
    LEFT JOIN users shared_user
    ON shared_user.id = b.user_id
    WHERE (b.user_id IN (
        SELECT following_id FROM followers
        WHERE user_id = userId
        AND followers.deleted IS NULL
    )
    OR b.user_id = userId)
    AND b.retweet_post_id IS NOT NULL
    and orig.deleted IS NULL
    AND b.deleted IS NULL
) Post
ORDER BY modified DESC
LIMIT perPage
OFFSET pageOffset;
END$$

DROP PROCEDURE IF EXISTS `getMutualFriends`$$
CREATE DEFINER=`root`@`localhost` PROCEDURE `getMutualFriends` (IN `userId` INT, IN `otherUserId` INT, IN `perPage` INT, IN `pageOffset` INT)  BEGIN
SELECT `User`.id,
	`User`.username,
    `User`.avatar_url,
    `User`.first_name,
    `User`.last_name
FROM followers friend
LEFT JOIN users `User`
on friend.user_id = `User`.id
WHERE friend.user_id IN (
	SELECT me.following_id
    FROM followers me
    WHERE me.user_id = userId
    AND me.deleted IS NULL
)
AND friend.following_id = otherUserId
AND friend.deleted IS NULL
AND `User`.deleted IS NULL
LIMIT perPage
OFFSET pageOffset;

END$$

DROP PROCEDURE IF EXISTS `getNotFollowedUsers`$$
CREATE DEFINER=`root`@`localhost` PROCEDURE `getNotFollowedUsers` (IN `userId` INT, IN `perPage` INT, IN `pageOffset` INT)  BEGIN
SELECT
	`User`.id,
    `User`.username,
    `User`.first_name,
    `User`.last_name,
    `User`.avatar_url,
    Sum(IF(`User`.id = friend_following.following_id, 1, 0)) As mutual
FROM users as `User`
INNER JOIN (
	followers me_following INNER JOIN followers friend_following
    ON me_following.following_id = friend_following.user_id
) ON me_following.user_id = userId AND `User`.id <> userId
WHERE friend_following.deleted IS NULL
AND me_following.deleted IS NULL
AND `User`.is_activated = 1
AND `User`.id NOT IN (
	SELECT myF.following_id FROM followers myF
    WHERE myF.deleted IS NULL
    AND myF.user_id = userId
)
GROUP BY `User`.id
HAVING
  Sum(IF(`User`.id = me_following.following_id, 1, 0))=0
ORDER BY mutual DESC ,`User`.created DESC
LIMIT perPage
OFFSET pageOffset;
END$$

DELIMITER ;

-- --------------------------------------------------------

--
-- Table structure for table `comments`
--

DROP TABLE IF EXISTS `comments`;
CREATE TABLE `comments` (
  `id` int(11) NOT NULL,
  `body` tinytext DEFAULT NULL,
  `post_id` int(11) NOT NULL,
  `user_id` int(11) NOT NULL,
  `created` datetime DEFAULT current_timestamp(),
  `modified` datetime DEFAULT current_timestamp() ON UPDATE current_timestamp(),
  `deleted` datetime DEFAULT NULL
) ENGINE=InnoDB DEFAULT CHARSET=latin1;

--
-- Dumping data for table `comments`
--

INSERT INTO `comments` (`id`, `body`, `post_id`, `user_id`, `created`, `modified`, `deleted`) VALUES
(179, 'H', 201, 26, '2019-11-26 10:29:13', '2019-11-27 13:46:52', '2019-11-27 13:46:52'),
(180, 'Test', 199, 26, '2019-11-26 10:45:19', '2019-11-26 10:45:19', NULL),
(181, 'WW', 214, 26, '2019-11-27 10:23:36', '2019-11-27 13:47:14', '2019-11-27 13:47:14'),
(182, 'ASDAS', 214, 26, '2019-11-27 10:24:19', '2019-11-27 13:58:48', '2019-11-27 13:58:48'),
(183, '  ', 214, 26, '2019-11-27 10:25:46', '2019-11-27 14:05:05', '2019-11-27 14:05:05'),
(184, 'Test', 214, 26, '2019-11-27 11:35:35', '2019-11-27 14:06:43', '2019-11-27 14:06:43'),
(185, 'HAHA', 214, 26, '2019-11-27 11:36:16', '2019-11-27 11:36:16', NULL),
(186, 'wqewq', 214, 26, '2019-11-27 11:36:24', '2019-11-27 11:36:24', NULL),
(187, 'eqw', 214, 26, '2019-11-27 11:36:25', '2019-11-27 11:36:25', NULL),
(188, 'ewqewq', 214, 26, '2019-11-27 11:36:27', '2019-11-27 11:36:27', NULL),
(189, 'ewqewq', 214, 26, '2019-11-27 11:36:29', '2019-11-27 14:00:42', '2019-11-27 14:00:42'),
(190, 'ewqewqewq', 214, 26, '2019-11-27 11:36:32', '2019-11-27 13:59:21', '2019-11-27 13:59:21'),
(191, 'ewqewq', 214, 26, '2019-11-27 11:36:34', '2019-11-27 13:59:11', '2019-11-27 13:59:11'),
(192, 'Test', 214, 26, '2019-11-27 16:58:22', '2019-11-27 16:58:22', NULL),
(193, 'test', 214, 26, '2019-11-27 16:58:24', '2019-11-27 16:58:24', NULL),
(194, 'weqewq', 214, 26, '2019-11-27 16:58:25', '2019-11-27 16:58:25', NULL),
(195, 'eqweqw', 214, 26, '2019-11-27 16:58:26', '2019-11-27 16:58:26', NULL),
(196, 'ewqeqwewq', 214, 26, '2019-11-27 16:58:28', '2019-11-27 16:58:28', NULL),
(197, 'eqwewq', 214, 26, '2019-11-27 16:58:29', '2019-11-27 16:58:29', NULL),
(198, 'eqwewqeqw', 214, 26, '2019-11-27 16:58:30', '2019-11-27 16:58:30', NULL),
(199, 'ewqeqw', 214, 26, '2019-11-27 16:58:35', '2019-11-27 16:58:35', NULL),
(200, 'ewqewq', 214, 26, '2019-11-27 16:58:42', '2019-11-27 16:58:42', NULL),
(201, 'Test@dsalkdja', 215, 26, '2019-11-27 16:59:45', '2019-11-27 16:59:45', NULL),
(202, 'dsadsadas', 215, 26, '2019-11-27 17:04:31', '2019-11-27 17:04:31', NULL),
(203, 'ASDasda', 215, 26, '2019-11-27 17:04:34', '2019-11-27 17:04:34', NULL),
(204, 'TEST', 215, 26, '2019-11-27 17:07:53', '2019-11-27 17:07:53', NULL),
(205, 'Tetest', 215, 26, '2019-11-27 17:07:59', '2019-11-27 17:07:59', NULL),
(206, 'fdsafsd\nfasdfas', 215, 26, '2019-11-27 17:08:46', '2019-11-27 17:08:46', NULL),
(207, 'Test', 215, 26, '2019-11-27 17:09:37', '2019-11-27 17:09:37', NULL),
(208, 'weqewq', 215, 26, '2019-11-27 17:09:42', '2019-11-27 17:09:42', NULL),
(209, 'QQ', 215, 26, '2019-11-27 17:09:50', '2019-11-27 17:09:50', NULL),
(210, 'dasdasd', 215, 26, '2019-11-27 17:09:52', '2019-11-27 17:09:52', NULL),
(211, 'dsadsadas', 215, 26, '2019-11-27 17:19:51', '2019-11-27 17:19:51', NULL),
(212, 'dsadasdsa', 215, 26, '2019-11-27 17:19:53', '2019-11-27 17:19:53', NULL),
(213, 'dasdsadsa', 215, 26, '2019-11-27 17:19:57', '2019-11-27 17:19:57', NULL),
(214, 'dasdas', 215, 26, '2019-11-27 17:23:57', '2019-11-27 17:23:57', NULL),
(215, 'QQ', 215, 26, '2019-11-27 17:24:00', '2019-11-27 17:24:00', NULL),
(216, 'NEw Commento', 215, 26, '2019-11-27 17:31:08', '2019-11-27 17:31:08', NULL),
(217, 'dsadsa', 215, 26, '2019-11-27 17:31:27', '2019-11-27 17:31:27', NULL),
(218, 'sdada', 215, 26, '2019-11-27 17:31:29', '2019-11-27 17:31:29', NULL),
(219, 'dlsajdsadas', 215, 26, '2019-11-27 17:31:44', '2019-11-27 17:31:44', NULL),
(220, 'djaskldjsalkdjas', 215, 26, '2019-11-27 17:31:46', '2019-11-27 17:31:46', NULL),
(221, 'dasdas', 215, 26, '2019-11-27 17:31:47', '2019-11-27 17:31:47', NULL),
(222, 'Test', 216, 26, '2019-11-28 16:52:35', '2019-11-28 17:23:17', '2019-11-28 17:23:17'),
(223, 'dsadsadas', 216, 26, '2019-11-28 17:04:59', '2019-11-28 17:04:59', NULL),
(224, 'Test HAHA PASOK', 216, 26, '2019-11-28 17:05:03', '2019-11-28 17:05:03', NULL),
(225, 'Alright!', 216, 26, '2019-11-28 17:05:06', '2019-11-28 17:05:06', NULL),
(226, 'Pag marami ngay', 216, 26, '2019-11-28 17:13:02', '2019-11-28 17:13:02', NULL),
(227, 'test', 216, 26, '2019-11-28 17:13:07', '2019-11-28 17:13:07', NULL),
(228, 'Success sir!', 216, 26, '2019-11-28 17:13:12', '2019-11-28 17:13:12', NULL),
(229, 'qweqwewq', 216, 26, '2019-11-28 17:13:20', '2019-11-28 17:13:20', NULL),
(230, 'ewqewq', 216, 26, '2019-11-28 17:13:24', '2019-11-28 17:13:24', NULL),
(231, 'dsadsa', 216, 26, '2019-11-28 17:13:26', '2019-12-02 14:00:37', '2019-12-02 14:00:37'),
(232, 'dskaljdlas', 216, 26, '2019-11-28 17:13:27', '2019-11-28 17:13:27', NULL),
(233, 'slakjdasl', 216, 26, '2019-11-28 17:13:28', '2019-11-28 17:13:28', NULL),
(234, 'dsajdlkaj', 216, 26, '2019-11-28 17:13:29', '2019-11-28 17:13:29', NULL),
(235, 'dasldjaskl', 216, 26, '2019-11-28 17:13:30', '2019-11-28 17:13:30', NULL),
(236, 'dalskj', 216, 26, '2019-11-28 17:13:31', '2019-12-02 14:00:32', '2019-12-02 14:00:32'),
(237, 'as', 216, 26, '2019-11-28 17:13:32', '2019-12-02 14:00:18', '2019-12-02 14:00:18'),
(238, 'dsalda', 216, 26, '2019-11-28 17:13:32', '2019-12-02 14:00:29', '2019-12-02 14:00:29'),
(239, 'TEst', 217, 25, '2019-12-02 10:24:56', '2019-12-02 10:24:56', NULL),
(240, 'Test', 217, 26, '2019-12-02 10:25:06', '2019-12-02 10:25:06', NULL),
(241, 'Test', 217, 26, '2019-12-02 10:25:17', '2019-12-02 10:25:17', NULL),
(242, 'Test', 217, 26, '2019-12-02 10:25:32', '2019-12-02 10:25:32', NULL),
(243, 'Test', 217, 26, '2019-12-02 10:26:10', '2019-12-02 10:26:10', NULL),
(244, 'Test', 217, 26, '2019-12-02 10:26:18', '2019-12-02 10:26:18', NULL),
(245, 'QQ', 217, 26, '2019-12-02 10:26:25', '2019-12-02 10:26:25', NULL),
(246, 'QQ', 217, 26, '2019-12-02 10:26:37', '2019-12-02 10:26:37', NULL),
(247, 'Hoy Boy', 217, 25, '2019-12-02 10:26:46', '2019-12-02 10:26:46', NULL),
(248, 'Test Notification', 217, 25, '2019-12-02 10:45:59', '2019-12-02 10:45:59', NULL),
(249, 'Test', 217, 25, '2019-12-02 10:46:15', '2019-12-02 10:46:15', NULL),
(250, 'dsadas', 217, 25, '2019-12-02 10:46:18', '2019-12-02 10:46:18', NULL),
(251, 'Test Comment Notification', 220, 25, '2019-12-02 10:58:52', '2019-12-02 10:58:52', NULL),
(252, 'test', 220, 25, '2019-12-02 11:12:29', '2019-12-02 11:12:29', NULL),
(253, 'test', 220, 25, '2019-12-02 11:12:32', '2019-12-02 11:12:32', NULL),
(254, 'dsad', 220, 25, '2019-12-02 11:17:06', '2019-12-02 11:17:06', NULL),
(255, 'dsadas', 220, 25, '2019-12-02 11:17:08', '2019-12-02 11:17:08', NULL),
(256, 'Bago', 216, 26, '2019-12-02 13:57:43', '2019-12-02 13:57:43', NULL),
(257, 'test', 229, 25, '2019-12-02 16:50:21', '2019-12-02 16:50:21', NULL),
(258, 'Test comment', 229, 26, '2019-12-03 09:48:54', '2019-12-03 09:48:54', NULL),
(259, 'Test', 231, 26, '2019-12-03 09:49:57', '2019-12-03 09:49:57', NULL),
(260, 'HEY!', 214, 26, '2019-12-03 10:10:53', '2019-12-03 10:10:53', NULL),
(261, 'Bakit ganon sir', 231, 26, '2019-12-03 10:16:47', '2019-12-03 10:16:47', NULL),
(262, 'wala naman ginagawa e', 231, 26, '2019-12-03 10:16:51', '2019-12-03 10:16:51', NULL),
(263, 'test', 231, 26, '2019-12-03 10:38:35', '2019-12-03 10:38:35', NULL),
(264, 'dasdsa', 231, 26, '2019-12-03 10:38:37', '2019-12-03 10:38:37', NULL),
(265, 'sa', 231, 26, '2019-12-03 10:38:38', '2019-12-03 10:38:38', NULL),
(266, 'dadas', 231, 26, '2019-12-03 10:38:39', '2019-12-03 10:38:56', '2019-12-03 10:38:56'),
(267, 'weqeq', 231, 26, '2019-12-03 10:38:45', '2019-12-03 10:38:53', '2019-12-03 10:38:53'),
(268, 'test', 231, 26, '2019-12-03 10:38:58', '2019-12-03 10:38:58', NULL),
(269, 'Hi', 231, 25, '2019-12-03 10:40:56', '2019-12-03 10:40:56', NULL),
(270, 'test', 231, 26, '2019-12-03 10:41:32', '2019-12-03 10:41:32', NULL),
(271, 'dsadsa', 231, 26, '2019-12-03 10:41:36', '2019-12-03 10:41:36', NULL),
(272, 'dsada', 231, 26, '2019-12-03 10:41:38', '2019-12-03 10:41:38', NULL),
(273, 'dsada', 231, 26, '2019-12-03 10:41:39', '2019-12-03 10:41:39', NULL),
(274, 'sadsa', 234, 25, '2019-12-03 10:42:42', '2019-12-03 10:42:42', NULL),
(275, 'test', 231, 26, '2019-12-03 10:51:41', '2019-12-03 10:51:41', NULL),
(276, 'dasdas', 231, 26, '2019-12-03 10:51:42', '2019-12-03 10:51:42', NULL),
(277, 'dsad', 231, 26, '2019-12-03 10:51:45', '2019-12-03 10:51:45', NULL),
(278, 'fdsafasd', 213, 26, '2019-12-03 10:53:13', '2019-12-03 10:53:13', NULL),
(279, 'dsadsa', 231, 26, '2019-12-03 10:57:27', '2019-12-03 10:57:27', NULL),
(280, 'Psst', 234, 25, '2019-12-03 11:00:46', '2019-12-03 11:00:46', NULL),
(281, 'tests', 234, 25, '2019-12-03 11:02:26', '2019-12-03 11:02:26', NULL),
(282, 'fdasfas', 234, 25, '2019-12-03 11:03:30', '2019-12-03 11:03:30', NULL),
(283, 'fsdafas', 235, 25, '2019-12-03 11:03:55', '2019-12-03 11:03:55', NULL),
(284, 'fdsafads', 236, 25, '2019-12-03 11:04:06', '2019-12-03 11:04:06', NULL),
(285, 'dsafads', 235, 25, '2019-12-03 11:05:04', '2019-12-03 11:05:04', NULL),
(286, 'fafdsa', 236, 25, '2019-12-03 11:05:08', '2019-12-03 11:05:08', NULL),
(287, 'dasd', 236, 25, '2019-12-03 11:05:29', '2019-12-03 11:05:29', NULL),
(288, 'dsada', 235, 25, '2019-12-03 11:05:33', '2019-12-03 11:05:33', NULL),
(289, 'dasdsa', 234, 25, '2019-12-03 11:05:40', '2019-12-03 11:05:40', NULL),
(290, 'fdsfas', 236, 25, '2019-12-03 11:39:05', '2019-12-03 11:39:05', NULL),
(291, 'fdsafas', 236, 25, '2019-12-03 11:41:49', '2019-12-03 11:41:49', NULL),
(292, 'dsadas', 236, 25, '2019-12-03 11:49:36', '2019-12-03 11:49:36', NULL),
(293, 'dasdas', 236, 25, '2019-12-03 11:53:11', '2019-12-03 11:53:11', NULL),
(294, 'fdsaf', 236, 25, '2019-12-03 11:54:26', '2019-12-03 11:54:26', NULL),
(295, 'fsdafas', 235, 25, '2019-12-03 11:54:33', '2019-12-03 11:54:33', NULL),
(296, 'fdsfa', 234, 25, '2019-12-03 11:54:38', '2019-12-03 11:54:38', NULL);

-- --------------------------------------------------------

--
-- Table structure for table `followers`
--

DROP TABLE IF EXISTS `followers`;
CREATE TABLE `followers` (
  `id` int(11) NOT NULL,
  `user_id` int(11) NOT NULL,
  `following_id` int(11) NOT NULL,
  `created` datetime DEFAULT current_timestamp(),
  `modified` datetime DEFAULT current_timestamp() ON UPDATE current_timestamp(),
  `deleted` datetime DEFAULT NULL
) ENGINE=InnoDB DEFAULT CHARSET=latin1;

--
-- Dumping data for table `followers`
--

INSERT INTO `followers` (`id`, `user_id`, `following_id`, `created`, `modified`, `deleted`) VALUES
(152, 26, 35, '2019-11-27 15:06:27', '2019-11-27 15:06:27', NULL),
(153, 26, 36, '2019-11-27 15:06:31', '2019-11-27 15:06:31', NULL),
(154, 26, 37, '2019-11-27 15:12:19', '2019-11-27 15:12:19', NULL),
(155, 26, 38, '2019-11-27 15:12:24', '2019-11-27 15:12:24', NULL),
(157, 26, 39, '2019-11-27 15:12:34', '2019-11-27 15:12:34', NULL),
(158, 26, 42, '2019-11-27 15:12:38', '2019-11-27 15:12:38', NULL),
(159, 26, 41, '2019-11-27 15:12:43', '2019-11-27 15:12:43', NULL),
(188, 25, 27, '2019-12-02 14:25:06', '2019-12-02 14:25:06', NULL),
(189, 25, 28, '2019-12-02 14:25:25', '2019-12-02 14:25:25', NULL),
(190, 25, 33, '2019-12-02 14:25:30', '2019-12-02 14:25:30', NULL),
(191, 25, 34, '2019-12-02 14:25:34', '2019-12-02 14:25:34', NULL),
(192, 25, 35, '2019-12-02 14:25:38', '2019-12-02 14:25:38', NULL),
(193, 25, 36, '2019-12-02 14:25:43', '2019-12-02 14:25:43', NULL),
(194, 25, 37, '2019-12-02 14:25:48', '2019-12-02 14:25:48', NULL),
(195, 25, 38, '2019-12-02 14:25:52', '2019-12-02 14:25:52', NULL),
(196, 26, 27, '2019-12-03 09:12:12', '2019-12-03 09:12:12', NULL),
(197, 26, 40, '2019-12-03 09:12:42', '2019-12-03 09:12:42', NULL),
(200, 26, 25, '2019-12-03 10:51:53', '2019-12-03 10:51:53', NULL),
(202, 25, 26, '2019-12-03 11:05:50', '2019-12-03 11:05:50', NULL),
(203, 26, 32, '2019-12-03 11:07:08', '2019-12-03 11:07:08', NULL);

-- --------------------------------------------------------

--
-- Table structure for table `likes`
--

DROP TABLE IF EXISTS `likes`;
CREATE TABLE `likes` (
  `id` int(11) NOT NULL,
  `post_id` int(11) NOT NULL,
  `user_id` int(11) NOT NULL,
  `created` datetime DEFAULT current_timestamp(),
  `modified` datetime DEFAULT current_timestamp() ON UPDATE current_timestamp(),
  `deleted` datetime DEFAULT NULL
) ENGINE=InnoDB DEFAULT CHARSET=latin1;

--
-- Dumping data for table `likes`
--

INSERT INTO `likes` (`id`, `post_id`, `user_id`, `created`, `modified`, `deleted`) VALUES
(61, 52, 11, '2019-10-29 16:40:15', '2019-10-29 16:44:54', '2019-10-29 16:44:54'),
(62, 51, 11, '2019-10-29 16:40:40', '2019-10-29 16:40:44', '2019-10-29 16:40:44'),
(63, 51, 11, '2019-10-29 16:43:59', '2019-10-29 16:44:10', '2019-10-29 16:44:10'),
(64, 51, 11, '2019-10-29 16:44:15', '2019-10-29 16:47:23', '2019-10-29 16:47:23'),
(65, 52, 11, '2019-10-29 16:44:56', '2019-10-29 16:46:45', '2019-10-29 16:46:45'),
(66, 52, 11, '2019-10-29 16:46:45', '2019-10-29 16:47:23', '2019-10-29 16:47:23'),
(67, 48, 7, '2019-10-29 16:46:56', '2019-10-29 16:46:56', NULL),
(68, 47, 7, '2019-10-29 16:47:26', '2019-10-29 16:47:35', '2019-10-29 16:47:35'),
(69, 52, 11, '2019-10-29 16:48:08', '2019-10-29 17:02:34', '2019-10-29 17:02:34'),
(70, 51, 11, '2019-10-29 16:49:27', '2019-10-29 16:49:58', '2019-10-29 16:49:58'),
(71, 51, 11, '2019-10-29 16:49:59', '2019-10-29 16:50:23', '2019-10-29 16:50:23'),
(72, 51, 11, '2019-10-29 16:50:23', '2019-10-29 16:53:07', '2019-10-29 16:53:07'),
(73, 51, 11, '2019-10-29 16:53:07', '2019-10-29 16:53:13', '2019-10-29 16:53:13'),
(74, 51, 11, '2019-10-29 16:53:13', '2019-10-29 16:55:05', '2019-10-29 16:55:05'),
(75, 51, 11, '2019-10-29 16:55:05', '2019-10-29 16:57:20', '2019-10-29 16:57:20'),
(76, 47, 7, '2019-10-29 16:57:14', '2019-10-29 16:58:48', '2019-10-29 16:58:48'),
(77, 51, 11, '2019-10-29 16:57:20', '2019-10-30 15:03:45', '2019-10-30 15:03:45'),
(78, 47, 7, '2019-10-29 16:58:48', '2019-10-29 16:58:48', NULL),
(79, 52, 11, '2019-10-29 17:02:35', '2019-10-29 17:02:35', '2019-10-29 17:02:35'),
(80, 52, 11, '2019-10-29 17:02:35', '2019-10-29 17:02:40', '2019-10-29 17:02:40'),
(81, 52, 11, '2019-10-29 17:02:40', '2019-10-30 10:58:35', '2019-10-30 10:58:35'),
(82, 52, 11, '2019-10-30 10:58:46', '2019-10-30 11:02:14', '2019-10-30 11:02:14'),
(83, 52, 11, '2019-10-30 11:02:18', '2019-10-30 11:02:18', NULL),
(84, 51, 11, '2019-10-30 15:03:47', '2019-10-30 15:03:47', NULL),
(85, 59, 8, '2019-10-30 15:29:02', '2019-10-31 09:06:28', '2019-10-31 09:06:28'),
(86, 58, 8, '2019-10-30 15:29:03', '2019-10-30 15:29:03', NULL),
(87, 58, 11, '2019-10-30 16:26:38', '2019-10-31 09:06:48', '2019-10-31 09:06:48'),
(88, 57, 11, '2019-10-30 16:26:39', '2019-10-31 09:08:13', '2019-10-31 09:08:13'),
(89, 56, 11, '2019-10-30 16:26:45', '2019-10-30 16:26:45', NULL),
(90, 55, 11, '2019-10-30 16:26:45', '2019-10-30 16:26:45', NULL),
(91, 54, 11, '2019-10-30 16:26:46', '2019-10-30 16:26:46', NULL),
(92, 59, 8, '2019-10-31 09:06:29', '2019-10-31 09:06:29', NULL),
(93, 58, 11, '2019-10-31 09:06:48', '2019-10-31 09:06:49', '2019-10-31 09:06:49'),
(94, 58, 11, '2019-10-31 09:06:50', '2019-10-31 09:07:52', '2019-10-31 09:07:52'),
(95, 58, 11, '2019-10-31 09:07:52', '2019-10-31 09:08:00', '2019-10-31 09:08:00'),
(96, 58, 11, '2019-10-31 09:08:01', '2019-10-31 09:08:03', '2019-10-31 09:08:03'),
(97, 58, 11, '2019-10-31 09:08:04', '2019-10-31 09:08:46', '2019-10-31 09:08:46'),
(98, 57, 11, '2019-10-31 09:08:13', '2019-10-31 09:08:13', NULL),
(99, 58, 11, '2019-10-31 09:08:47', '2019-10-31 09:09:39', '2019-10-31 09:09:39'),
(100, 58, 11, '2019-10-31 09:09:40', '2019-10-31 09:10:52', '2019-10-31 09:10:52'),
(101, 58, 11, '2019-10-31 09:10:53', '2019-10-31 09:12:16', '2019-10-31 09:12:16'),
(102, 58, 11, '2019-10-31 09:12:17', '2019-10-31 09:12:17', NULL),
(103, 65, 11, '2019-10-31 11:01:35', '2019-11-13 13:58:43', '2019-11-13 13:58:43'),
(104, 64, 11, '2019-10-31 11:01:36', '2019-11-13 14:39:47', '2019-11-13 14:39:47'),
(105, 69, 11, '2019-10-31 11:20:30', '2019-10-31 16:01:06', '2019-10-31 16:01:06'),
(106, 69, 7, '2019-10-31 11:20:36', '2019-10-31 11:20:36', NULL),
(107, 68, 7, '2019-10-31 11:22:43', '2019-10-31 11:22:43', NULL),
(108, 67, 7, '2019-10-31 11:22:44', '2019-10-31 11:22:44', NULL),
(109, 68, 11, '2019-10-31 14:36:18', '2019-10-31 14:36:20', '2019-10-31 14:36:20'),
(110, 68, 11, '2019-10-31 14:36:21', '2019-10-31 14:36:21', NULL),
(111, 70, 11, '2019-10-31 15:57:23', '2019-10-31 15:58:42', '2019-10-31 15:58:42'),
(112, 66, 11, '2019-10-31 15:57:27', '2019-11-13 13:58:42', '2019-11-13 13:58:42'),
(113, 67, 11, '2019-10-31 15:58:28', '2019-10-31 15:58:28', NULL),
(114, 70, 11, '2019-10-31 15:58:42', '2019-10-31 15:59:50', '2019-10-31 15:59:50'),
(115, 70, 11, '2019-10-31 15:59:50', '2019-10-31 15:59:53', '2019-10-31 15:59:53'),
(116, 70, 11, '2019-10-31 15:59:54', '2019-10-31 16:00:16', '2019-10-31 16:00:16'),
(117, 70, 11, '2019-10-31 16:00:17', '2019-10-31 16:00:42', '2019-10-31 16:00:42'),
(118, 70, 11, '2019-10-31 16:00:42', '2019-10-31 16:01:25', '2019-10-31 16:01:25'),
(119, 69, 11, '2019-10-31 16:01:08', '2019-10-31 17:06:25', '2019-10-31 17:06:25'),
(120, 70, 11, '2019-10-31 16:01:25', '2019-10-31 17:04:30', '2019-10-31 17:04:30'),
(121, 70, 7, '2019-10-31 16:56:45', '2019-10-31 17:09:16', '2019-10-31 17:09:16'),
(122, 70, 11, '2019-10-31 17:04:31', '2019-10-31 17:04:46', '2019-10-31 17:04:46'),
(123, 70, 11, '2019-10-31 17:04:46', '2019-10-31 17:05:44', '2019-10-31 17:05:44'),
(124, 70, 11, '2019-10-31 17:05:44', '2019-10-31 17:06:10', '2019-10-31 17:06:10'),
(125, 70, 11, '2019-10-31 17:06:10', '2019-10-31 17:07:39', '2019-10-31 17:07:39'),
(126, 69, 11, '2019-10-31 17:06:25', '2019-10-31 17:06:46', '2019-10-31 17:06:46'),
(127, 69, 11, '2019-10-31 17:06:46', '2019-10-31 17:07:23', '2019-10-31 17:07:23'),
(128, 69, 11, '2019-10-31 17:07:23', '2019-10-31 17:07:23', NULL),
(129, 70, 11, '2019-10-31 17:07:39', '2019-10-31 17:07:51', '2019-10-31 17:07:51'),
(130, 70, 11, '2019-10-31 17:07:51', '2019-10-31 17:14:59', '2019-10-31 17:14:59'),
(131, 70, 7, '2019-10-31 17:09:16', '2019-10-31 17:10:25', '2019-10-31 17:10:25'),
(132, 70, 7, '2019-10-31 17:10:25', '2019-10-31 17:19:09', '2019-10-31 17:19:09'),
(138, 70, 7, '2019-11-04 09:44:10', '2019-11-04 09:44:14', '2019-11-04 09:44:14'),
(139, 70, 7, '2019-11-04 09:44:16', '2019-11-04 09:48:03', '2019-11-04 09:48:03'),
(140, 70, 7, '2019-11-04 09:48:03', '2019-11-04 09:48:14', '2019-11-04 09:48:14'),
(141, 70, 7, '2019-11-04 09:48:14', '2019-11-04 09:48:52', '2019-11-04 09:48:52'),
(142, 70, 7, '2019-11-04 09:48:52', '2019-11-04 09:49:55', '2019-11-04 09:49:55'),
(143, 70, 7, '2019-11-04 09:49:55', '2019-11-04 09:51:00', '2019-11-04 09:51:00'),
(144, 70, 7, '2019-11-04 09:51:00', '2019-11-04 09:51:23', '2019-11-04 09:51:23'),
(145, 70, 7, '2019-11-04 09:51:24', '2019-11-04 09:51:24', NULL),
(146, 72, 11, '2019-11-04 09:53:03', '2019-11-13 11:54:42', '2019-11-13 11:54:42'),
(147, 76, 7, '2019-11-04 13:58:43', '2019-11-04 13:58:43', NULL),
(148, 77, 11, '2019-11-04 14:02:48', '2019-11-13 11:47:37', '2019-11-13 11:47:37'),
(149, 77, 7, '2019-11-04 14:02:49', '2019-11-04 14:02:49', NULL),
(150, 77, 8, '2019-11-04 14:04:49', '2019-11-04 14:04:49', NULL),
(151, 76, 8, '2019-11-04 14:04:52', '2019-11-04 14:04:52', NULL),
(152, 78, 11, '2019-11-04 14:05:12', '2019-11-04 14:05:12', NULL),
(153, 79, 8, '2019-11-04 14:06:17', '2019-11-04 14:06:17', NULL),
(154, 79, 11, '2019-11-04 14:06:23', '2019-11-04 16:55:42', '2019-11-04 16:55:42'),
(155, 76, 11, '2019-11-04 15:00:19', '2019-11-04 15:00:19', NULL),
(156, 79, 11, '2019-11-04 16:55:42', '2019-11-04 16:55:42', NULL),
(157, 88, 11, '2019-11-05 09:59:21', '2019-11-05 10:43:18', '2019-11-05 10:43:18'),
(158, 88, 11, '2019-11-05 10:43:19', '2019-11-05 10:43:19', NULL),
(159, 86, 11, '2019-11-05 10:59:53', '2019-11-05 10:59:53', NULL),
(160, 85, 11, '2019-11-05 10:59:54', '2019-11-05 10:59:54', NULL),
(161, 88, 17, '2019-11-05 11:33:22', '2019-11-05 11:33:22', NULL),
(162, 85, 17, '2019-11-05 11:33:24', '2019-11-05 11:33:24', NULL),
(163, 89, 11, '2019-11-05 11:43:28', '2019-11-05 11:43:28', NULL),
(164, 89, 17, '2019-11-05 11:43:35', '2019-11-05 11:43:35', NULL),
(165, 90, 17, '2019-11-05 11:48:52', '2019-11-05 11:48:52', NULL),
(166, 90, 11, '2019-11-05 11:49:30', '2019-11-05 11:49:30', NULL),
(167, 80, 11, '2019-11-05 13:46:01', '2019-11-05 13:46:01', NULL),
(168, 59, 11, '2019-11-06 15:34:14', '2019-11-06 15:34:14', NULL),
(169, 92, 11, '2019-11-07 11:36:32', '2019-11-07 11:36:47', '2019-11-07 11:36:47'),
(170, 105, 11, '2019-11-08 09:59:56', '2019-11-08 09:59:59', '2019-11-08 09:59:59'),
(171, 103, 11, '2019-11-08 09:59:56', '2019-11-08 09:59:56', NULL),
(172, 105, 11, '2019-11-08 09:59:59', '2019-11-08 09:59:59', '2019-11-08 09:59:59'),
(173, 105, 11, '2019-11-08 10:00:00', '2019-11-08 10:00:00', '2019-11-08 10:00:00'),
(174, 105, 11, '2019-11-08 10:00:00', '2019-11-08 10:00:00', '2019-11-08 10:00:00'),
(175, 105, 11, '2019-11-08 10:00:00', '2019-11-08 10:00:01', '2019-11-08 10:00:01'),
(176, 105, 11, '2019-11-08 10:00:01', '2019-11-08 10:00:01', '2019-11-08 10:00:01'),
(177, 105, 11, '2019-11-08 10:00:01', '2019-11-08 10:00:01', '2019-11-08 10:00:01'),
(178, 105, 11, '2019-11-08 10:00:01', '2019-11-08 10:00:02', '2019-11-08 10:00:02'),
(179, 105, 11, '2019-11-08 10:00:02', '2019-11-08 10:00:02', '2019-11-08 10:00:02'),
(180, 105, 11, '2019-11-08 10:00:02', '2019-11-08 10:00:02', '2019-11-08 10:00:02'),
(181, 105, 11, '2019-11-08 10:00:02', '2019-11-08 10:00:03', '2019-11-08 10:00:03'),
(182, 105, 11, '2019-11-08 10:00:03', '2019-11-08 10:00:03', NULL),
(183, 107, 11, '2019-11-08 10:01:22', '2019-11-08 10:01:22', NULL),
(184, 108, 7, '2019-11-08 13:51:31', '2019-11-08 13:52:00', '2019-11-08 13:52:00'),
(185, 108, 7, '2019-11-08 13:52:00', '2019-11-08 13:52:22', '2019-11-08 13:52:22'),
(186, 108, 7, '2019-11-08 13:52:22', '2019-11-08 13:56:42', '2019-11-08 13:56:42'),
(187, 108, 7, '2019-11-08 13:56:42', '2019-11-08 13:57:11', '2019-11-08 13:57:11'),
(188, 108, 7, '2019-11-08 13:57:11', '2019-11-08 13:57:44', '2019-11-08 13:57:44'),
(189, 108, 7, '2019-11-08 13:57:44', '2019-11-08 14:01:10', '2019-11-08 14:01:10'),
(190, 108, 7, '2019-11-08 14:01:10', '2019-11-08 14:01:13', '2019-11-08 14:01:13'),
(191, 108, 7, '2019-11-08 14:01:13', '2019-11-08 14:01:40', '2019-11-08 14:01:40'),
(192, 108, 7, '2019-11-08 14:01:41', '2019-11-08 14:02:09', '2019-11-08 14:02:09'),
(193, 108, 7, '2019-11-08 14:02:09', '2019-11-08 14:02:34', '2019-11-08 14:02:34'),
(194, 108, 11, '2019-11-08 14:02:32', '2019-11-08 14:02:32', '2019-11-08 14:02:32'),
(195, 108, 11, '2019-11-08 14:02:33', '2019-11-08 14:02:42', '2019-11-08 14:02:42'),
(196, 108, 7, '2019-11-08 14:02:34', '2019-11-08 14:02:45', '2019-11-08 14:02:45'),
(197, 108, 11, '2019-11-08 14:02:42', '2019-11-08 14:02:42', '2019-11-08 14:02:42'),
(198, 108, 11, '2019-11-08 14:02:42', '2019-11-08 14:02:42', '2019-11-08 14:02:42'),
(199, 108, 11, '2019-11-08 14:02:43', '2019-11-12 11:00:44', '2019-11-12 11:00:44'),
(200, 108, 7, '2019-11-08 14:02:45', '2019-11-08 14:02:45', '2019-11-08 14:02:45'),
(201, 108, 7, '2019-11-08 14:02:45', '2019-11-08 14:02:45', '2019-11-08 14:02:45'),
(202, 108, 7, '2019-11-08 14:02:45', '2019-11-08 14:02:46', '2019-11-08 14:02:46'),
(203, 108, 7, '2019-11-08 14:02:46', '2019-11-08 14:04:29', '2019-11-08 14:04:29'),
(204, 108, 7, '2019-11-08 14:04:29', '2019-11-08 14:04:56', '2019-11-08 14:04:56'),
(205, 108, 7, '2019-11-08 14:04:56', '2019-11-08 14:06:43', '2019-11-08 14:06:43'),
(206, 108, 7, '2019-11-08 14:06:43', '2019-11-08 15:04:40', '2019-11-08 15:04:40'),
(207, 96, 7, '2019-11-08 14:06:45', '2019-11-08 14:06:45', NULL),
(208, 95, 7, '2019-11-08 14:06:46', '2019-11-11 10:32:20', '2019-11-11 10:32:20'),
(209, 89, 7, '2019-11-08 14:06:46', '2019-11-08 14:06:46', NULL),
(210, 86, 7, '2019-11-08 14:06:47', '2019-11-08 14:06:47', NULL),
(211, 85, 7, '2019-11-08 14:06:56', '2019-11-12 11:04:00', '2019-11-12 11:04:00'),
(212, 108, 7, '2019-11-08 15:04:42', '2019-11-08 17:27:03', '2019-11-08 17:27:03'),
(213, 82, 7, '2019-11-08 15:04:50', '2019-11-08 15:04:50', NULL),
(214, 108, 7, '2019-11-08 17:27:04', '2019-11-11 10:31:57', '2019-11-11 10:31:57'),
(215, 108, 7, '2019-11-11 10:31:58', '2019-11-11 10:32:05', '2019-11-11 10:32:05'),
(216, 108, 7, '2019-11-11 10:32:05', '2019-11-11 10:32:11', '2019-11-11 10:32:11'),
(217, 108, 7, '2019-11-11 10:32:11', '2019-11-12 10:57:02', '2019-11-12 10:57:02'),
(218, 95, 7, '2019-11-11 10:32:21', '2019-11-11 10:32:21', NULL),
(219, 110, 7, '2019-11-12 09:32:17', '2019-11-12 09:32:31', '2019-11-12 09:32:31'),
(220, 110, 7, '2019-11-12 09:32:31', '2019-11-12 09:33:59', '2019-11-12 09:33:59'),
(221, 109, 7, '2019-11-12 09:33:14', '2019-11-12 09:34:23', '2019-11-12 09:34:23'),
(222, 110, 7, '2019-11-12 09:34:00', '2019-11-12 09:37:59', '2019-11-12 09:37:59'),
(223, 109, 7, '2019-11-12 09:34:23', '2019-11-12 09:34:24', '2019-11-12 09:34:24'),
(224, 109, 7, '2019-11-12 09:34:25', '2019-11-12 09:34:25', '2019-11-12 09:34:25'),
(225, 109, 7, '2019-11-12 09:34:25', '2019-11-12 09:34:25', '2019-11-12 09:34:25'),
(226, 109, 7, '2019-11-12 09:34:26', '2019-11-12 09:45:02', '2019-11-12 09:45:02'),
(227, 110, 11, '2019-11-12 09:37:48', '2019-11-12 09:37:48', NULL),
(228, 110, 7, '2019-11-12 09:37:59', '2019-11-12 09:38:03', '2019-11-12 09:38:03'),
(229, 110, 7, '2019-11-12 09:38:04', '2019-11-12 09:38:33', '2019-11-12 09:38:33'),
(230, 110, 7, '2019-11-12 09:38:33', '2019-11-12 09:38:41', '2019-11-12 09:38:41'),
(231, 110, 7, '2019-11-12 09:38:41', '2019-11-12 09:38:41', NULL),
(232, 109, 7, '2019-11-12 09:45:02', '2019-11-12 09:45:02', NULL),
(233, 108, 7, '2019-11-12 10:57:02', '2019-11-12 10:57:28', '2019-11-12 10:57:28'),
(234, 108, 7, '2019-11-12 10:57:28', '2019-11-12 10:58:31', '2019-11-12 10:58:31'),
(235, 108, 7, '2019-11-12 10:58:31', '2019-11-12 11:00:29', '2019-11-12 11:00:29'),
(236, 108, 7, '2019-11-12 11:00:29', '2019-11-12 11:00:47', '2019-11-12 11:00:47'),
(237, 108, 11, '2019-11-12 11:00:44', '2019-11-12 11:05:46', '2019-11-12 11:05:46'),
(238, 108, 7, '2019-11-12 11:00:48', '2019-11-12 11:00:48', '2019-11-12 11:00:48'),
(239, 108, 7, '2019-11-12 11:00:49', '2019-11-12 11:03:49', '2019-11-12 11:03:49'),
(240, 108, 7, '2019-11-12 11:03:50', '2019-11-12 11:05:50', '2019-11-12 11:05:50'),
(241, 85, 7, '2019-11-12 11:04:04', '2019-11-12 11:04:04', NULL),
(242, 108, 11, '2019-11-12 11:05:47', '2019-11-12 11:12:08', '2019-11-12 11:12:08'),
(243, 108, 7, '2019-11-12 11:05:50', '2019-11-12 11:09:38', '2019-11-12 11:09:38'),
(244, 108, 7, '2019-11-12 11:09:39', '2019-11-12 11:11:15', '2019-11-12 11:11:15'),
(245, 108, 7, '2019-11-12 11:11:16', '2019-11-12 11:12:12', '2019-11-12 11:12:12'),
(246, 108, 11, '2019-11-12 11:12:09', '2019-11-12 17:30:00', '2019-11-12 17:30:00'),
(247, 108, 7, '2019-11-12 11:12:12', '2019-11-12 11:15:22', '2019-11-12 11:15:22'),
(248, 108, 7, '2019-11-12 11:15:23', '2019-11-12 11:15:23', NULL),
(249, 108, 11, '2019-11-12 17:30:02', '2019-11-13 10:43:17', '2019-11-13 10:43:17'),
(250, 108, 11, '2019-11-13 10:43:18', '2019-11-13 11:45:24', '2019-11-13 11:45:24'),
(251, 108, 11, '2019-11-13 11:45:25', '2019-11-13 11:47:07', '2019-11-13 11:47:07'),
(252, 108, 11, '2019-11-13 11:47:08', '2019-11-13 11:47:08', NULL),
(253, 77, 11, '2019-11-13 11:47:37', '2019-11-13 11:50:37', '2019-11-13 11:50:37'),
(254, 77, 11, '2019-11-13 11:50:37', '2019-11-13 11:51:17', '2019-11-13 11:51:17'),
(255, 77, 11, '2019-11-13 11:51:17', '2019-11-13 11:52:33', '2019-11-13 11:52:33'),
(256, 77, 11, '2019-11-13 11:52:34', '2019-11-13 11:53:04', '2019-11-13 11:53:04'),
(257, 77, 11, '2019-11-13 11:53:04', '2019-11-13 11:53:53', '2019-11-13 11:53:53'),
(258, 77, 11, '2019-11-13 11:53:54', '2019-11-13 11:58:40', '2019-11-13 11:58:40'),
(259, 72, 11, '2019-11-13 11:54:42', '2019-11-13 13:27:32', '2019-11-13 13:27:32'),
(260, 77, 11, '2019-11-13 11:58:40', '2019-11-13 13:02:03', '2019-11-13 13:02:03'),
(261, 77, 11, '2019-11-13 13:02:03', '2019-11-13 13:02:28', '2019-11-13 13:02:28'),
(262, 77, 11, '2019-11-13 13:02:28', '2019-11-13 13:03:04', '2019-11-13 13:03:04'),
(263, 77, 11, '2019-11-13 13:03:04', '2019-11-13 13:03:59', '2019-11-13 13:03:59'),
(265, 77, 11, '2019-11-13 13:04:31', '2019-11-13 13:04:31', '2019-11-13 13:04:31'),
(266, 77, 11, '2019-11-13 13:04:38', '2019-11-13 13:05:26', '2019-11-13 13:05:26'),
(267, 77, 11, '2019-11-13 13:05:27', '2019-11-13 13:07:29', '2019-11-13 13:07:29'),
(268, 77, 11, '2019-11-13 13:07:29', '2019-11-13 13:08:40', '2019-11-13 13:08:40'),
(269, 77, 11, '2019-11-13 13:08:40', '2019-11-13 13:08:56', '2019-11-13 13:08:56'),
(270, 77, 11, '2019-11-13 13:08:56', '2019-11-13 13:09:07', '2019-11-13 13:09:07'),
(271, 77, 11, '2019-11-13 13:09:07', '2019-11-13 13:09:48', '2019-11-13 13:09:48'),
(272, 77, 11, '2019-11-13 13:09:48', '2019-11-13 13:10:54', '2019-11-13 13:10:54'),
(273, 77, 11, '2019-11-13 13:10:54', '2019-11-13 13:11:01', '2019-11-13 13:11:01'),
(274, 77, 11, '2019-11-13 13:11:02', '2019-11-13 13:11:30', '2019-11-13 13:11:30'),
(275, 77, 11, '2019-11-13 13:11:43', '2019-11-13 13:11:43', '2019-11-13 13:11:43'),
(276, 77, 11, '2019-11-13 13:11:46', '2019-11-13 13:11:57', '2019-11-13 13:11:57'),
(277, 77, 11, '2019-11-13 13:11:59', '2019-11-13 13:12:19', '2019-11-13 13:12:19'),
(278, 77, 11, '2019-11-13 13:12:19', '2019-11-13 13:12:50', '2019-11-13 13:12:50'),
(279, 77, 11, '2019-11-13 13:12:50', '2019-11-13 13:13:31', '2019-11-13 13:13:31'),
(280, 77, 11, '2019-11-13 13:13:32', '2019-11-13 13:13:58', '2019-11-13 13:13:58'),
(281, 77, 11, '2019-11-13 13:14:00', '2019-11-13 13:14:12', '2019-11-13 13:14:12'),
(282, 77, 11, '2019-11-13 13:14:12', '2019-11-13 13:14:40', '2019-11-13 13:14:40'),
(283, 77, 11, '2019-11-13 13:14:40', '2019-11-13 13:14:52', '2019-11-13 13:14:52'),
(284, 77, 11, '2019-11-13 13:14:53', '2019-11-13 13:15:17', '2019-11-13 13:15:17'),
(285, 77, 11, '2019-11-13 13:15:17', '2019-11-13 13:16:16', '2019-11-13 13:16:16'),
(286, 77, 11, '2019-11-13 13:16:18', '2019-11-13 13:17:12', '2019-11-13 13:17:12'),
(287, 77, 11, '2019-11-13 13:17:13', '2019-11-13 13:18:18', '2019-11-13 13:18:18'),
(288, 77, 11, '2019-11-13 13:18:18', '2019-11-13 13:29:42', '2019-11-13 13:29:42'),
(289, 63, 11, '2019-11-13 13:21:13', '2019-11-13 13:22:12', '2019-11-13 13:22:12'),
(290, 62, 11, '2019-11-13 13:21:32', '2019-11-13 13:23:21', '2019-11-13 13:23:21'),
(291, 63, 11, '2019-11-13 13:22:12', '2019-11-13 13:25:19', '2019-11-13 13:25:19'),
(292, 61, 11, '2019-11-13 13:22:31', '2019-11-13 13:22:34', '2019-11-13 13:22:34'),
(293, 61, 11, '2019-11-13 13:22:35', '2019-11-13 14:51:07', '2019-11-13 14:51:07'),
(294, 62, 11, '2019-11-13 13:23:21', '2019-11-13 13:23:21', NULL),
(295, 63, 11, '2019-11-13 13:25:20', '2019-11-13 13:25:20', NULL),
(296, 72, 11, '2019-11-13 13:27:33', '2019-11-13 13:35:26', '2019-11-13 13:35:26'),
(297, 77, 11, '2019-11-13 13:29:42', '2019-11-13 13:29:48', '2019-11-13 13:29:48'),
(298, 77, 11, '2019-11-13 13:29:48', '2019-11-13 13:29:53', '2019-11-13 13:29:53'),
(299, 77, 11, '2019-11-13 13:29:53', '2019-11-13 13:30:20', '2019-11-13 13:30:20'),
(300, 77, 11, '2019-11-13 13:30:20', '2019-11-13 13:30:39', '2019-11-13 13:30:39'),
(301, 77, 11, '2019-11-13 13:30:39', '2019-11-13 13:31:21', '2019-11-13 13:31:21'),
(302, 77, 11, '2019-11-13 13:31:21', '2019-11-13 13:31:34', '2019-11-13 13:31:34'),
(303, 77, 11, '2019-11-13 13:31:34', '2019-11-13 13:31:34', '2019-11-13 13:31:34'),
(304, 77, 11, '2019-11-13 13:31:34', '2019-11-13 13:31:34', '2019-11-13 13:31:34'),
(305, 77, 11, '2019-11-13 13:31:34', '2019-11-13 13:32:45', '2019-11-13 13:32:45'),
(306, 77, 11, '2019-11-13 13:32:45', '2019-11-13 13:34:31', '2019-11-13 13:34:31'),
(307, 77, 11, '2019-11-13 13:34:31', '2019-11-13 13:34:59', '2019-11-13 13:34:59'),
(308, 77, 11, '2019-11-13 13:35:00', '2019-11-13 13:35:18', '2019-11-13 13:35:18'),
(309, 77, 11, '2019-11-13 13:35:18', '2019-11-13 13:35:18', '2019-11-13 13:35:18'),
(310, 77, 11, '2019-11-13 13:35:18', '2019-11-13 13:35:19', '2019-11-13 13:35:19'),
(311, 77, 11, '2019-11-13 13:35:19', '2019-11-13 13:35:19', '2019-11-13 13:35:19'),
(312, 77, 11, '2019-11-13 13:35:20', '2019-11-13 13:58:40', '2019-11-13 13:58:40'),
(313, 72, 11, '2019-11-13 13:35:26', '2019-11-13 13:58:41', '2019-11-13 13:58:41'),
(314, 77, 11, '2019-11-13 13:58:40', '2019-11-13 14:29:59', '2019-11-13 14:29:59'),
(315, 72, 11, '2019-11-13 13:58:41', '2019-11-13 14:30:08', '2019-11-13 14:30:08'),
(316, 66, 11, '2019-11-13 13:58:42', '2019-11-13 14:39:38', '2019-11-13 14:39:38'),
(317, 65, 11, '2019-11-13 13:58:43', '2019-11-13 13:58:52', '2019-11-13 13:58:52'),
(318, 65, 11, '2019-11-13 13:58:52', '2019-11-13 14:30:44', '2019-11-13 14:30:44'),
(319, 77, 11, '2019-11-13 14:29:59', '2019-11-13 14:31:54', '2019-11-13 14:31:54'),
(320, 72, 11, '2019-11-13 14:30:08', '2019-11-13 14:41:30', '2019-11-13 14:41:30'),
(321, 65, 11, '2019-11-13 14:30:44', '2019-11-13 14:31:45', '2019-11-13 14:31:45'),
(322, 65, 11, '2019-11-13 14:31:45', '2019-11-13 15:20:48', '2019-11-13 15:20:48'),
(323, 77, 11, '2019-11-13 14:31:54', '2019-11-13 14:32:34', '2019-11-13 14:32:34'),
(324, 77, 11, '2019-11-13 14:32:35', '2019-11-13 14:33:48', '2019-11-13 14:33:48'),
(325, 77, 11, '2019-11-13 14:33:51', '2019-11-13 14:38:48', '2019-11-13 14:38:48'),
(326, 77, 11, '2019-11-13 14:38:48', '2019-11-13 14:41:20', '2019-11-13 14:41:20'),
(327, 66, 11, '2019-11-13 14:39:38', '2019-11-13 14:40:39', '2019-11-13 14:40:39'),
(328, 64, 11, '2019-11-13 14:39:47', '2019-11-13 14:39:47', NULL),
(329, 66, 11, '2019-11-13 14:40:40', '2019-11-13 14:41:32', '2019-11-13 14:41:32'),
(330, 77, 11, '2019-11-13 14:41:21', '2019-11-13 14:42:20', '2019-11-13 14:42:20'),
(331, 72, 11, '2019-11-13 14:41:30', '2019-11-13 14:44:03', '2019-11-13 14:44:03'),
(332, 66, 11, '2019-11-13 14:41:32', '2019-11-13 14:42:24', '2019-11-13 14:42:24'),
(333, 77, 11, '2019-11-13 14:42:20', '2019-11-13 14:43:22', '2019-11-13 14:43:22'),
(334, 66, 11, '2019-11-13 14:42:24', '2019-11-13 14:47:23', '2019-11-13 14:47:23'),
(335, 77, 11, '2019-11-13 14:43:22', '2019-11-13 14:43:59', '2019-11-13 14:43:59'),
(336, 77, 11, '2019-11-13 14:43:59', '2019-11-13 14:44:39', '2019-11-13 14:44:39'),
(337, 72, 11, '2019-11-13 14:44:03', '2019-11-13 14:50:50', '2019-11-13 14:50:50'),
(338, 77, 11, '2019-11-13 14:44:39', '2019-11-13 14:45:30', '2019-11-13 14:45:30'),
(339, 77, 11, '2019-11-13 14:45:30', '2019-11-13 14:47:18', '2019-11-13 14:47:18'),
(340, 77, 11, '2019-11-13 14:47:18', '2019-11-13 14:55:20', '2019-11-13 14:55:20'),
(341, 66, 11, '2019-11-13 14:47:23', '2019-11-13 14:51:01', '2019-11-13 14:51:01'),
(342, 72, 11, '2019-11-13 14:50:50', '2019-11-13 14:58:13', '2019-11-13 14:58:13'),
(343, 66, 11, '2019-11-13 14:51:01', '2019-11-13 14:59:15', '2019-11-13 14:59:15'),
(344, 61, 11, '2019-11-13 14:51:08', '2019-11-13 14:51:08', NULL),
(345, 77, 11, '2019-11-13 14:55:21', '2019-11-13 14:56:05', '2019-11-13 14:56:05'),
(346, 77, 11, '2019-11-13 14:56:05', '2019-11-13 14:57:48', '2019-11-13 14:57:48'),
(347, 77, 11, '2019-11-13 14:57:48', '2019-11-13 14:58:09', '2019-11-13 14:58:09'),
(348, 77, 11, '2019-11-13 14:58:10', '2019-11-13 14:59:06', '2019-11-13 14:59:06'),
(349, 72, 11, '2019-11-13 14:58:13', '2019-11-13 14:59:14', '2019-11-13 14:59:14'),
(350, 77, 11, '2019-11-13 14:59:07', '2019-11-13 14:59:12', '2019-11-13 14:59:12'),
(351, 77, 11, '2019-11-13 14:59:12', '2019-11-13 15:07:46', '2019-11-13 15:07:46'),
(352, 72, 11, '2019-11-13 14:59:14', '2019-11-13 15:08:48', '2019-11-13 15:08:48'),
(353, 66, 11, '2019-11-13 14:59:15', '2019-11-13 15:13:39', '2019-11-13 15:13:39'),
(354, 77, 11, '2019-11-13 15:07:46', '2019-11-13 15:11:14', '2019-11-13 15:11:14'),
(355, 72, 11, '2019-11-13 15:08:48', '2019-11-13 15:08:48', NULL),
(356, 77, 11, '2019-11-13 15:11:14', '2019-11-13 15:12:41', '2019-11-13 15:12:41'),
(357, 77, 11, '2019-11-13 15:12:41', '2019-11-13 15:13:30', '2019-11-13 15:13:30'),
(358, 77, 11, '2019-11-13 15:13:30', '2019-11-13 15:15:25', '2019-11-13 15:15:25'),
(359, 66, 11, '2019-11-13 15:13:39', '2019-11-13 15:13:39', NULL),
(360, 77, 11, '2019-11-13 15:15:26', '2019-11-13 15:15:52', '2019-11-13 15:15:52'),
(361, 77, 11, '2019-11-13 15:15:53', '2019-11-13 15:16:27', '2019-11-13 15:16:27'),
(362, 77, 11, '2019-11-13 15:16:28', '2019-11-13 15:16:28', '2019-11-13 15:16:28'),
(363, 77, 11, '2019-11-13 15:16:29', '2019-11-13 15:18:43', '2019-11-13 15:18:43'),
(364, 77, 11, '2019-11-13 15:18:44', '2019-11-13 15:19:16', '2019-11-13 15:19:16'),
(365, 77, 11, '2019-11-13 15:19:16', '2019-11-13 15:19:48', '2019-11-13 15:19:48'),
(366, 77, 11, '2019-11-13 15:19:48', '2019-11-13 15:19:57', '2019-11-13 15:19:57'),
(367, 77, 11, '2019-11-13 15:19:59', '2019-11-13 15:20:00', '2019-11-13 15:20:00'),
(368, 77, 11, '2019-11-13 15:20:01', '2019-11-13 15:20:39', '2019-11-13 15:20:39'),
(369, 77, 11, '2019-11-13 15:20:40', '2019-11-13 15:20:40', NULL),
(370, 65, 11, '2019-11-13 15:20:48', '2019-11-13 15:20:48', NULL),
(371, 114, 11, '2019-11-13 15:24:50', '2019-11-13 15:24:50', NULL),
(372, 115, 11, '2019-11-13 15:25:05', '2019-11-13 15:28:03', '2019-11-13 15:28:03'),
(373, 114, 7, '2019-11-13 15:25:08', '2019-11-13 15:25:08', NULL),
(374, 115, 11, '2019-11-13 15:28:04', '2019-11-13 15:28:20', '2019-11-13 15:28:20'),
(375, 115, 11, '2019-11-13 15:28:20', '2019-11-13 15:28:26', '2019-11-13 15:28:26'),
(376, 115, 11, '2019-11-13 15:28:26', '2019-11-13 15:28:30', '2019-11-13 15:28:30'),
(377, 115, 11, '2019-11-13 15:28:30', '2019-11-13 15:28:36', '2019-11-13 15:28:36'),
(378, 115, 11, '2019-11-13 15:28:36', '2019-11-13 15:28:59', '2019-11-13 15:28:59'),
(379, 115, 11, '2019-11-13 15:29:44', '2019-11-13 15:29:57', '2019-11-13 15:29:57'),
(380, 115, 7, '2019-11-13 15:29:55', '2019-11-13 16:13:33', '2019-11-13 16:13:33'),
(381, 115, 11, '2019-11-13 15:29:57', '2019-11-13 15:43:33', '2019-11-13 15:43:33'),
(382, 115, 11, '2019-11-13 15:43:33', '2019-11-13 15:45:09', '2019-11-13 15:45:09'),
(383, 115, 11, '2019-11-13 15:45:10', '2019-11-13 15:51:50', '2019-11-13 15:51:50'),
(384, 115, 11, '2019-11-13 15:51:50', '2019-11-13 15:53:44', '2019-11-13 15:53:44'),
(385, 115, 11, '2019-11-13 15:53:44', '2019-11-13 15:53:50', '2019-11-13 15:53:50'),
(386, 115, 11, '2019-11-13 15:53:50', '2019-11-13 15:53:54', '2019-11-13 15:53:54'),
(387, 115, 11, '2019-11-13 15:53:54', '2019-11-13 15:55:54', '2019-11-13 15:55:54'),
(388, 115, 11, '2019-11-13 15:55:54', '2019-11-13 15:56:38', '2019-11-13 15:56:38'),
(389, 115, 11, '2019-11-13 15:56:38', '2019-11-13 15:57:24', '2019-11-13 15:57:24'),
(390, 115, 11, '2019-11-13 15:57:25', '2019-11-13 15:57:25', '2019-11-13 15:57:25'),
(391, 115, 11, '2019-11-13 15:57:25', '2019-11-13 15:57:25', '2019-11-13 15:57:25'),
(392, 115, 11, '2019-11-13 15:57:25', '2019-11-13 15:57:45', '2019-11-13 15:57:45'),
(393, 115, 11, '2019-11-13 15:57:45', '2019-11-13 15:58:27', '2019-11-13 15:58:27'),
(394, 115, 11, '2019-11-13 15:58:27', '2019-11-13 16:13:27', '2019-11-13 16:13:27'),
(395, 115, 11, '2019-11-13 16:13:27', '2019-11-13 16:13:29', '2019-11-13 16:13:29'),
(396, 115, 11, '2019-11-13 16:13:29', '2019-11-13 16:13:35', '2019-11-13 16:13:35'),
(397, 115, 7, '2019-11-13 16:13:34', '2019-11-13 16:28:10', '2019-11-13 16:28:10'),
(398, 115, 11, '2019-11-13 16:13:35', '2019-11-13 16:14:52', '2019-11-13 16:14:52'),
(399, 115, 11, '2019-11-13 16:14:53', '2019-11-13 16:14:58', '2019-11-13 16:14:58'),
(400, 115, 11, '2019-11-13 16:14:58', '2019-11-13 16:15:32', '2019-11-13 16:15:32'),
(401, 115, 11, '2019-11-13 16:15:32', '2019-11-13 16:15:36', '2019-11-13 16:15:36'),
(402, 115, 11, '2019-11-13 16:15:37', '2019-11-13 16:17:09', '2019-11-13 16:17:09'),
(403, 115, 11, '2019-11-13 16:17:10', '2019-11-13 16:17:16', '2019-11-13 16:17:16'),
(404, 115, 11, '2019-11-13 16:17:16', '2019-11-13 16:19:17', '2019-11-13 16:19:17'),
(405, 115, 11, '2019-11-13 16:19:18', '2019-11-13 16:19:53', '2019-11-13 16:19:53'),
(406, 115, 11, '2019-11-13 16:19:53', '2019-11-13 16:20:45', '2019-11-13 16:20:45'),
(407, 115, 11, '2019-11-13 16:20:45', '2019-11-13 16:21:22', '2019-11-13 16:21:22'),
(408, 115, 11, '2019-11-13 16:21:22', '2019-11-13 16:22:11', '2019-11-13 16:22:11'),
(409, 115, 11, '2019-11-13 16:22:11', '2019-11-13 16:25:42', '2019-11-13 16:25:42'),
(410, 115, 11, '2019-11-13 16:25:43', '2019-11-13 16:26:33', '2019-11-13 16:26:33'),
(411, 115, 11, '2019-11-13 16:26:33', '2019-11-13 16:28:06', '2019-11-13 16:28:06'),
(412, 115, 11, '2019-11-13 16:28:06', '2019-11-13 16:28:16', '2019-11-13 16:28:16'),
(413, 115, 7, '2019-11-13 16:28:10', '2019-11-13 16:28:10', NULL),
(414, 115, 11, '2019-11-13 16:28:16', '2019-11-13 16:28:21', '2019-11-13 16:28:21'),
(415, 115, 11, '2019-11-13 16:28:21', '2019-11-13 16:28:51', '2019-11-13 16:28:51'),
(416, 115, 11, '2019-11-13 16:28:52', '2019-11-13 16:28:56', '2019-11-13 16:28:56'),
(417, 115, 11, '2019-11-13 16:28:56', '2019-11-13 16:30:51', '2019-11-13 16:30:51'),
(418, 115, 11, '2019-11-13 16:30:52', '2019-11-13 16:34:54', '2019-11-13 16:34:54'),
(419, 115, 11, '2019-11-13 16:34:54', '2019-11-13 16:39:11', '2019-11-13 16:39:11'),
(420, 115, 11, '2019-11-13 16:39:11', '2019-11-13 16:42:17', '2019-11-13 16:42:17'),
(421, 115, 11, '2019-11-13 16:42:17', '2019-11-13 16:42:56', '2019-11-13 16:42:56'),
(422, 115, 11, '2019-11-13 16:42:56', '2019-11-13 16:46:21', '2019-11-13 16:46:21'),
(423, 115, 11, '2019-11-13 16:46:22', '2019-11-14 10:25:54', '2019-11-14 10:25:54'),
(424, 129, 11, '2019-11-14 10:25:49', '2019-11-14 10:25:49', NULL),
(425, 128, 11, '2019-11-14 10:25:50', '2019-11-14 10:25:50', NULL),
(426, 115, 11, '2019-11-14 10:25:54', '2019-11-15 10:03:49', '2019-11-15 10:03:49'),
(427, 59, 7, '2019-11-14 11:28:48', '2019-11-14 11:28:48', NULL),
(428, 140, 11, '2019-11-14 15:46:12', '2019-11-14 15:46:12', NULL),
(429, 150, 11, '2019-11-14 17:11:58', '2019-11-15 09:28:34', '2019-11-15 09:28:34'),
(430, 151, 8, '2019-11-15 09:22:40', '2019-11-15 09:24:22', '2019-11-15 09:24:22'),
(431, 150, 8, '2019-11-15 09:24:16', '2019-11-15 09:28:50', '2019-11-15 09:28:50'),
(432, 151, 8, '2019-11-15 09:24:23', '2019-11-15 09:24:23', NULL),
(433, 85, 8, '2019-11-15 09:24:24', '2019-11-15 09:24:25', '2019-11-15 09:24:25'),
(434, 85, 8, '2019-11-15 09:24:26', '2019-11-15 09:24:26', NULL),
(435, 82, 8, '2019-11-15 09:24:27', '2019-11-15 09:24:27', '2019-11-15 09:24:27'),
(436, 150, 11, '2019-11-15 09:28:34', '2019-11-15 10:09:04', '2019-11-15 10:09:04'),
(437, 151, 11, '2019-11-15 09:28:37', '2019-11-15 09:28:37', NULL),
(438, 150, 8, '2019-11-15 09:28:51', '2019-11-15 09:28:51', NULL),
(439, 82, 8, '2019-11-15 09:28:55', '2019-11-15 09:28:55', NULL),
(440, 81, 8, '2019-11-15 09:28:57', '2019-11-15 09:28:57', NULL),
(441, 80, 8, '2019-11-15 09:28:58', '2019-11-15 09:28:58', NULL),
(442, 68, 8, '2019-11-15 09:29:19', '2019-11-15 09:29:19', NULL),
(443, 67, 8, '2019-11-15 09:29:20', '2019-11-15 09:29:20', NULL),
(444, 150, 11, '2019-11-15 10:09:07', '2019-11-15 10:09:36', '2019-11-15 10:09:36'),
(445, 150, 11, '2019-11-15 10:09:38', '2019-11-15 10:09:38', NULL),
(446, 154, 7, '2019-11-15 13:27:15', '2019-11-15 13:27:15', NULL),
(447, 152, 7, '2019-11-15 13:29:12', '2019-11-15 13:29:12', NULL),
(448, 150, 7, '2019-11-15 13:29:13', '2019-11-15 13:29:13', NULL),
(449, 81, 7, '2019-11-15 13:29:16', '2019-11-15 13:29:16', NULL),
(450, 154, 11, '2019-11-15 14:06:05', '2019-11-15 14:06:05', NULL),
(451, 154, 8, '2019-11-15 14:07:20', '2019-11-15 14:07:20', NULL),
(452, 153, 8, '2019-11-15 14:07:21', '2019-11-15 14:07:21', NULL),
(453, 152, 8, '2019-11-15 14:07:22', '2019-11-15 14:07:22', NULL),
(454, 75, 8, '2019-11-15 14:07:26', '2019-11-15 14:07:26', NULL),
(455, 73, 8, '2019-11-15 14:07:28', '2019-11-15 14:07:28', NULL),
(456, 70, 8, '2019-11-15 14:07:29', '2019-11-15 14:07:29', NULL),
(457, 162, 8, '2019-11-15 14:43:25', '2019-11-15 14:43:25', NULL),
(458, 159, 8, '2019-11-15 14:43:25', '2019-11-15 14:43:25', NULL),
(459, 157, 8, '2019-11-15 14:43:26', '2019-11-15 14:43:26', NULL),
(460, 158, 8, '2019-11-15 14:43:27', '2019-11-15 14:43:27', NULL),
(461, 156, 8, '2019-11-15 14:43:29', '2019-11-15 14:43:29', NULL),
(462, 155, 8, '2019-11-15 14:43:30', '2019-11-15 14:43:30', NULL),
(463, 115, 8, '2019-11-15 14:43:31', '2019-11-15 14:43:31', NULL),
(464, 88, 8, '2019-11-15 14:43:32', '2019-11-15 14:43:32', NULL),
(465, 163, 8, '2019-11-15 14:44:25', '2019-11-15 14:44:25', NULL),
(466, 168, 7, '2019-11-18 08:53:09', '2019-11-18 09:05:12', '2019-11-18 09:05:12'),
(467, 167, 7, '2019-11-18 08:53:10', '2019-11-18 09:30:34', '2019-11-18 09:30:34'),
(468, 166, 7, '2019-11-18 08:55:29', '2019-11-18 09:44:26', '2019-11-18 09:44:26'),
(469, 168, 7, '2019-11-18 09:05:13', '2019-11-18 09:15:01', '2019-11-18 09:15:01'),
(470, 168, 7, '2019-11-18 09:15:02', '2019-11-18 09:15:09', '2019-11-18 09:15:09'),
(471, 168, 7, '2019-11-18 09:15:09', '2019-11-18 09:15:21', '2019-11-18 09:15:21'),
(472, 168, 7, '2019-11-18 09:15:21', '2019-11-18 09:15:34', '2019-11-18 09:15:34'),
(473, 168, 7, '2019-11-18 09:15:35', '2019-11-18 09:17:33', '2019-11-18 09:17:33'),
(474, 168, 7, '2019-11-18 09:17:33', '2019-11-18 09:17:55', '2019-11-18 09:17:55'),
(475, 168, 7, '2019-11-18 09:17:55', '2019-11-18 09:18:36', '2019-11-18 09:18:36'),
(476, 168, 7, '2019-11-18 09:18:37', '2019-11-18 09:20:31', '2019-11-18 09:20:31'),
(477, 168, 7, '2019-11-18 09:20:31', '2019-11-18 09:30:34', '2019-11-18 09:30:34'),
(478, 168, 7, '2019-11-18 09:30:34', '2019-11-18 09:30:40', '2019-11-18 09:30:40'),
(479, 167, 7, '2019-11-18 09:30:34', '2019-11-18 09:30:41', '2019-11-18 09:30:41'),
(480, 168, 7, '2019-11-18 09:30:41', '2019-11-18 09:30:48', '2019-11-18 09:30:48'),
(481, 167, 7, '2019-11-18 09:30:41', '2019-11-18 16:18:11', '2019-11-18 16:18:11'),
(482, 168, 7, '2019-11-18 09:30:48', '2019-11-18 09:30:48', NULL),
(483, 165, 7, '2019-11-18 09:30:51', '2019-11-18 09:30:52', '2019-11-18 09:30:52'),
(484, 164, 7, '2019-11-18 09:30:55', '2019-11-18 09:30:55', '2019-11-18 09:30:55'),
(485, 162, 7, '2019-11-18 09:30:59', '2019-11-18 09:30:59', '2019-11-18 09:30:59'),
(486, 162, 7, '2019-11-18 09:30:59', '2019-11-18 09:30:59', NULL),
(487, 163, 7, '2019-11-18 09:31:00', '2019-11-18 16:18:17', '2019-11-18 16:18:17'),
(488, 166, 7, '2019-11-18 09:44:26', '2019-11-18 09:44:35', '2019-11-18 09:44:35'),
(489, 166, 7, '2019-11-18 09:44:35', '2019-11-18 09:46:40', '2019-11-18 09:46:40'),
(490, 166, 7, '2019-11-18 09:46:40', '2019-11-18 09:46:40', NULL),
(491, 165, 7, '2019-11-18 09:46:41', '2019-11-18 09:47:03', '2019-11-18 09:47:03'),
(492, 165, 7, '2019-11-18 09:47:03', '2019-11-18 09:47:03', NULL),
(493, 164, 7, '2019-11-18 09:47:05', '2019-11-18 16:18:14', '2019-11-18 16:18:14'),
(494, 170, 7, '2019-11-18 10:22:06', '2019-11-18 10:22:06', NULL),
(495, 170, 11, '2019-11-18 10:30:25', '2019-11-18 10:30:25', NULL),
(496, 169, 11, '2019-11-18 10:30:25', '2019-11-18 10:30:25', NULL),
(497, 174, 11, '2019-11-18 10:39:54', '2019-11-18 10:39:56', '2019-11-18 10:39:56'),
(498, 175, 11, '2019-11-18 11:00:51', '2019-11-19 14:00:09', '2019-11-19 14:00:09'),
(499, 155, 11, '2019-11-18 11:42:33', '2019-11-18 11:42:33', NULL),
(500, 172, 11, '2019-11-18 13:05:01', '2019-11-18 13:05:01', NULL),
(501, 177, 11, '2019-11-18 13:30:53', '2019-11-18 13:30:53', NULL),
(502, 179, 7, '2019-11-18 14:29:26', '2019-11-18 14:30:09', '2019-11-18 14:30:09'),
(503, 178, 7, '2019-11-18 14:29:35', '2019-11-18 14:29:35', NULL),
(504, 179, 7, '2019-11-18 14:30:09', '2019-11-18 14:30:09', NULL),
(505, 115, 11, '2019-11-18 14:30:41', '2019-11-18 14:30:41', NULL),
(506, 176, 11, '2019-11-18 15:12:29', '2019-11-18 15:12:29', NULL),
(507, 176, 7, '2019-11-18 15:12:30', '2019-11-18 15:13:09', '2019-11-18 15:13:09'),
(508, 176, 7, '2019-11-18 15:13:09', '2019-11-18 15:18:45', '2019-11-18 15:18:45'),
(509, 175, 7, '2019-11-18 15:13:14', '2019-11-18 15:15:59', '2019-11-18 15:15:59'),
(510, 172, 7, '2019-11-18 15:15:47', '2019-11-18 15:15:57', '2019-11-18 15:15:57'),
(511, 172, 7, '2019-11-18 15:15:57', '2019-11-18 15:15:57', NULL),
(512, 175, 7, '2019-11-18 15:15:59', '2019-11-18 15:15:59', NULL),
(513, 174, 7, '2019-11-18 15:16:01', '2019-11-18 15:16:01', NULL),
(514, 176, 7, '2019-11-18 15:18:45', '2019-11-18 15:40:32', '2019-11-18 15:40:32'),
(515, 176, 8, '2019-11-18 15:18:58', '2019-11-19 13:59:47', '2019-11-19 13:59:47'),
(516, 172, 8, '2019-11-18 15:19:01', '2019-11-18 15:19:01', NULL),
(517, 176, 7, '2019-11-18 15:40:32', '2019-11-18 16:17:42', '2019-11-18 16:17:42'),
(518, 173, 7, '2019-11-18 15:40:53', '2019-11-18 16:17:58', '2019-11-18 16:17:58'),
(519, 176, 7, '2019-11-18 16:17:42', '2019-11-18 16:17:42', NULL),
(520, 174, 11, '2019-11-18 16:17:55', '2019-11-18 16:17:55', NULL),
(521, 173, 7, '2019-11-18 16:17:58', '2019-11-18 16:18:09', '2019-11-18 16:18:09'),
(522, 173, 7, '2019-11-18 16:18:09', '2019-11-18 16:18:09', NULL),
(523, 167, 7, '2019-11-18 16:18:11', '2019-11-18 16:18:11', NULL),
(524, 164, 7, '2019-11-18 16:18:14', '2019-11-18 16:18:14', NULL),
(525, 163, 7, '2019-11-18 16:18:17', '2019-11-18 16:18:17', NULL),
(526, 181, 7, '2019-11-19 11:43:27', '2019-11-19 11:43:27', NULL),
(527, 180, 7, '2019-11-19 11:51:25', '2019-11-19 11:51:25', NULL),
(528, 180, 8, '2019-11-19 13:58:21', '2019-11-19 13:59:24', '2019-11-19 13:59:24'),
(529, 180, 11, '2019-11-19 13:59:16', '2019-11-19 13:59:57', '2019-11-19 13:59:57'),
(530, 180, 8, '2019-11-19 13:59:30', '2019-11-19 13:59:34', '2019-11-19 13:59:34'),
(531, 180, 8, '2019-11-19 13:59:34', '2019-11-19 13:59:34', NULL),
(532, 180, 11, '2019-11-19 14:00:38', '2019-11-19 14:00:38', NULL),
(533, 176, 8, '2019-11-19 14:02:48', '2019-11-19 14:02:51', '2019-11-19 14:02:51'),
(534, 199, 26, '2019-11-19 14:02:57', '2019-11-26 10:45:03', NULL),
(535, 170, 8, '2019-11-19 14:03:15', '2019-11-19 14:03:15', NULL),
(536, 173, 8, '2019-11-19 14:03:15', '2019-11-19 14:03:15', NULL),
(537, 201, 8, '2019-11-19 14:03:25', '2019-11-26 09:56:13', NULL),
(560, 195, 26, '2019-11-25 14:10:07', '2019-11-25 14:10:07', NULL),
(561, 201, 26, '2019-11-25 17:11:25', '2019-11-25 17:11:25', NULL),
(562, 200, 26, '2019-11-25 17:13:47', '2019-11-25 17:13:47', NULL),
(564, 214, 27, '2019-11-27 15:07:26', '2019-11-27 15:07:26', NULL),
(565, 214, 28, '2019-11-27 15:08:14', '2019-11-27 15:08:14', NULL),
(566, 214, 29, '2019-11-27 15:08:14', '2019-11-27 15:08:14', NULL),
(567, 214, 30, '2019-11-27 15:08:14', '2019-11-27 15:08:14', NULL),
(568, 214, 31, '2019-11-27 15:08:14', '2019-11-27 15:08:14', NULL),
(569, 214, 32, '2019-11-27 15:08:14', '2019-11-27 15:08:14', NULL),
(570, 214, 33, '2019-11-27 15:08:14', '2019-11-27 15:08:14', NULL),
(571, 214, 34, '2019-11-27 15:08:14', '2019-11-27 15:08:14', NULL),
(572, 214, 35, '2019-11-27 15:08:14', '2019-11-27 15:08:14', NULL),
(573, 214, 36, '2019-11-27 15:08:14', '2019-11-27 15:08:14', NULL),
(574, 214, 37, '2019-11-27 15:29:33', '2019-11-27 15:29:33', NULL),
(575, 214, 38, '2019-11-27 15:29:33', '2019-11-27 15:29:33', NULL),
(576, 214, 39, '2019-11-27 15:29:33', '2019-11-27 15:29:33', NULL),
(577, 214, 40, '2019-11-27 15:29:33', '2019-11-27 15:29:33', NULL),
(578, 214, 41, '2019-11-27 15:29:33', '2019-11-27 15:29:33', NULL),
(579, 214, 42, '2019-11-27 15:29:33', '2019-11-27 15:29:33', NULL),
(582, 214, 26, '2019-11-28 17:22:51', '2019-11-28 17:22:51', NULL),
(585, 210, 26, '2019-11-28 17:22:57', '2019-11-28 17:22:57', NULL),
(597, 216, 26, '2019-11-29 17:46:02', '2019-11-29 17:46:02', NULL),
(603, 217, 26, '2019-11-29 17:48:06', '2019-11-29 17:48:06', NULL),
(605, 219, 26, '2019-12-02 10:45:18', '2019-12-02 10:45:18', NULL),
(609, 217, 25, '2019-12-02 10:46:24', '2019-12-02 10:46:24', NULL),
(616, 221, 26, '2019-12-02 10:59:42', '2019-12-02 10:59:42', NULL),
(617, 221, 25, '2019-12-02 11:12:20', '2019-12-02 11:12:20', NULL),
(623, 227, 25, '2019-12-02 11:17:00', '2019-12-02 11:17:00', NULL),
(624, 220, 25, '2019-12-02 11:17:02', '2019-12-02 11:17:02', NULL),
(629, 220, 26, '2019-12-02 11:39:50', '2019-12-02 11:39:50', NULL),
(630, 228, 26, '2019-12-02 11:39:55', '2019-12-02 11:39:55', NULL),
(631, 227, 26, '2019-12-02 11:39:56', '2019-12-02 11:39:56', NULL),
(634, 219, 25, '2019-12-02 16:49:47', '2019-12-02 16:49:47', NULL),
(635, 229, 26, '2019-12-02 16:50:10', '2019-12-02 16:50:10', NULL),
(636, 229, 25, '2019-12-02 16:50:18', '2019-12-02 16:50:18', NULL),
(659, 213, 25, '2019-12-03 10:42:16', '2019-12-03 10:42:16', NULL),
(660, 212, 25, '2019-12-03 10:42:19', '2019-12-03 10:42:19', NULL),
(663, 234, 26, '2019-12-03 10:42:54', '2019-12-03 10:42:54', NULL),
(705, 231, 26, '2019-12-03 10:58:54', '2019-12-03 10:58:54', NULL),
(707, 212, 26, '2019-12-03 10:59:17', '2019-12-03 10:59:17', NULL),
(708, 213, 26, '2019-12-03 10:59:35', '2019-12-03 10:59:35', NULL),
(722, 236, 26, '2019-12-03 11:06:37', '2019-12-03 11:06:37', NULL),
(723, 235, 26, '2019-12-03 11:06:37', '2019-12-03 11:06:37', NULL),
(739, 236, 25, '2019-12-03 11:54:23', '2019-12-03 11:54:23', NULL),
(740, 234, 25, '2019-12-03 11:54:29', '2019-12-03 11:54:30', NULL),
(741, 235, 25, '2019-12-03 11:54:30', '2019-12-03 11:54:30', NULL);

-- --------------------------------------------------------

--
-- Table structure for table `notifications`
--

DROP TABLE IF EXISTS `notifications`;
CREATE TABLE `notifications` (
  `id` int(11) NOT NULL,
  `message` text DEFAULT NULL,
  `user_id` int(11) NOT NULL,
  `receiver_id` int(11) NOT NULL,
  `post_id` int(11) DEFAULT NULL,
  `link` text DEFAULT NULL,
  `is_read` datetime DEFAULT NULL,
  `type` enum('commented','liked','shared','followed') DEFAULT NULL,
  `created` datetime DEFAULT current_timestamp(),
  `modified` datetime DEFAULT current_timestamp() ON UPDATE current_timestamp()
) ENGINE=InnoDB DEFAULT CHARSET=latin1;

--
-- Dumping data for table `notifications`
--

INSERT INTO `notifications` (`id`, `message`, `user_id`, `receiver_id`, `post_id`, `link`, `is_read`, `type`, `created`, `modified`) VALUES
(488, NULL, 25, 26, 220, NULL, '2019-12-02 11:00:02', 'liked', '2019-12-02 10:58:34', '2019-12-02 11:00:02'),
(489, NULL, 25, 26, 220, NULL, '2019-12-02 11:00:02', 'commented', '2019-12-02 10:58:52', '2019-12-02 11:00:02'),
(490, NULL, 25, 26, 221, NULL, '2019-12-02 11:00:02', 'shared', '2019-12-02 10:59:15', '2019-12-02 11:00:02'),
(491, NULL, 25, 26, 220, NULL, '2019-12-02 11:00:02', 'liked', '2019-12-02 10:59:21', '2019-12-02 11:00:02'),
(492, NULL, 25, 26, 220, NULL, '2019-12-02 11:00:02', 'liked', '2019-12-02 10:59:24', '2019-12-02 11:00:02'),
(493, NULL, 25, 26, 220, NULL, '2019-12-02 11:00:02', 'liked', '2019-12-02 10:59:25', '2019-12-02 11:00:02'),
(494, NULL, 26, 25, 221, NULL, '2019-12-02 11:15:33', 'liked', '2019-12-02 10:59:42', '2019-12-02 11:15:33'),
(495, NULL, 25, 26, NULL, NULL, '2019-12-02 10:59:52', 'followed', '2019-12-02 10:59:49', '2019-12-02 10:59:52'),
(496, NULL, 25, 26, 220, NULL, '2019-12-02 11:15:27', 'liked', '2019-12-02 11:12:22', '2019-12-02 11:15:27'),
(497, NULL, 25, 26, 220, NULL, '2019-12-02 11:15:27', 'commented', '2019-12-02 11:12:29', '2019-12-02 11:15:27'),
(498, NULL, 25, 26, 222, NULL, '2019-12-02 11:15:27', 'shared', '2019-12-02 11:12:36', '2019-12-02 11:15:27'),
(499, NULL, 25, 26, 223, NULL, '2019-12-02 11:15:27', 'shared', '2019-12-02 11:12:41', '2019-12-02 11:15:27'),
(500, NULL, 25, 26, 224, NULL, '2019-12-02 11:15:27', 'shared', '2019-12-02 11:12:49', '2019-12-02 11:15:27'),
(501, NULL, 25, 26, NULL, NULL, '2019-12-02 11:15:27', 'followed', '2019-12-02 11:13:00', '2019-12-02 11:15:27'),
(502, NULL, 25, 26, NULL, NULL, '2019-12-02 11:15:27', 'followed', '2019-12-02 11:13:04', '2019-12-02 11:15:27'),
(503, NULL, 25, 26, 220, NULL, '2019-12-02 11:28:57', 'liked', '2019-12-02 11:16:45', '2019-12-02 11:28:57'),
(504, NULL, 25, 26, 220, NULL, '2019-12-02 11:28:57', 'shared', '2019-12-02 11:16:50', '2019-12-02 11:28:57'),
(505, NULL, 25, 26, 220, NULL, '2019-12-02 11:28:57', 'commented', '2019-12-02 11:17:06', '2019-12-02 11:28:57'),
(506, NULL, 25, 26, NULL, NULL, '2019-12-02 11:27:40', 'followed', '2019-12-02 11:27:33', '2019-12-02 11:27:40'),
(507, NULL, 26, 25, 228, NULL, '2019-12-02 15:20:35', 'liked', '2019-12-02 11:36:29', '2019-12-02 15:20:35'),
(508, NULL, 26, 25, 227, NULL, '2019-12-02 15:20:35', 'liked', '2019-12-02 11:36:31', '2019-12-02 15:20:35'),
(509, NULL, 26, 25, 228, NULL, '2019-12-02 15:20:35', 'liked', '2019-12-02 11:36:51', '2019-12-02 15:20:35'),
(510, NULL, 26, 25, 228, NULL, '2019-12-02 15:20:35', 'liked', '2019-12-02 11:39:55', '2019-12-02 15:20:35'),
(511, NULL, 26, 25, 227, NULL, '2019-12-02 15:20:35', 'liked', '2019-12-02 11:39:56', '2019-12-02 15:20:35'),
(512, NULL, 26, 25, NULL, NULL, '2019-12-02 15:20:35', 'followed', '2019-12-02 11:42:34', '2019-12-02 15:20:35'),
(513, NULL, 26, 27, NULL, NULL, NULL, 'followed', '2019-12-02 11:51:10', '2019-12-02 11:51:10'),
(514, NULL, 25, 27, NULL, NULL, NULL, 'followed', '2019-12-02 14:25:06', '2019-12-02 14:25:06'),
(515, NULL, 25, 28, NULL, NULL, NULL, 'followed', '2019-12-02 14:25:25', '2019-12-02 14:25:25'),
(516, NULL, 25, 33, NULL, NULL, NULL, 'followed', '2019-12-02 14:25:30', '2019-12-02 14:25:30'),
(517, NULL, 25, 34, NULL, NULL, NULL, 'followed', '2019-12-02 14:25:34', '2019-12-02 14:25:34'),
(518, NULL, 25, 35, NULL, NULL, NULL, 'followed', '2019-12-02 14:25:38', '2019-12-02 14:25:38'),
(519, NULL, 25, 36, NULL, NULL, NULL, 'followed', '2019-12-02 14:25:43', '2019-12-02 14:25:43'),
(520, NULL, 25, 37, NULL, NULL, NULL, 'followed', '2019-12-02 14:25:48', '2019-12-02 14:25:48'),
(521, NULL, 25, 38, NULL, NULL, NULL, 'followed', '2019-12-02 14:25:52', '2019-12-02 14:25:52'),
(522, NULL, 25, 26, 229, NULL, '2019-12-02 15:40:33', 'liked', '2019-12-02 15:40:20', '2019-12-02 15:40:33'),
(523, NULL, 25, 26, 229, NULL, '2019-12-02 17:19:38', 'liked', '2019-12-02 16:50:18', '2019-12-02 17:19:38'),
(524, NULL, 25, 26, 229, NULL, '2019-12-02 16:55:40', 'commented', '2019-12-02 16:50:21', '2019-12-02 16:55:40'),
(525, NULL, 26, 40, NULL, NULL, NULL, 'followed', '2019-12-03 09:12:42', '2019-12-03 09:12:42'),
(526, NULL, 26, 25, 231, NULL, '2019-12-03 10:41:07', 'commented', '2019-12-03 09:49:57', '2019-12-03 10:41:07'),
(527, NULL, 26, 25, 231, NULL, '2019-12-03 10:41:07', 'commented', '2019-12-03 10:16:47', '2019-12-03 10:41:07'),
(528, NULL, 26, 25, 231, NULL, '2019-12-03 10:41:07', 'commented', '2019-12-03 10:16:51', '2019-12-03 10:41:07'),
(529, NULL, 26, 25, 231, NULL, '2019-12-03 10:41:07', 'liked', '2019-12-03 10:37:58', '2019-12-03 10:41:07'),
(530, NULL, 26, 25, 231, NULL, '2019-12-03 10:41:07', 'liked', '2019-12-03 10:37:59', '2019-12-03 10:41:07'),
(531, NULL, 26, 25, 231, NULL, '2019-12-03 10:41:07', 'liked', '2019-12-03 10:37:59', '2019-12-03 10:41:07'),
(532, NULL, 26, 25, 231, NULL, '2019-12-03 10:41:07', 'liked', '2019-12-03 10:38:00', '2019-12-03 10:41:07'),
(533, NULL, 26, 25, 231, NULL, '2019-12-03 10:41:07', 'liked', '2019-12-03 10:38:00', '2019-12-03 10:41:07'),
(534, NULL, 26, 25, 231, NULL, '2019-12-03 10:41:07', 'liked', '2019-12-03 10:38:00', '2019-12-03 10:41:07'),
(535, NULL, 26, 25, 231, NULL, '2019-12-03 10:41:07', 'liked', '2019-12-03 10:38:01', '2019-12-03 10:41:07'),
(536, NULL, 26, 25, 231, NULL, '2019-12-03 10:41:07', 'liked', '2019-12-03 10:38:02', '2019-12-03 10:41:07'),
(537, NULL, 26, 25, 231, NULL, '2019-12-03 10:41:07', 'liked', '2019-12-03 10:38:02', '2019-12-03 10:41:07'),
(538, NULL, 26, 25, 231, NULL, '2019-12-03 10:41:07', 'liked', '2019-12-03 10:38:04', '2019-12-03 10:41:07'),
(539, NULL, 26, 25, 231, NULL, '2019-12-03 10:41:07', 'liked', '2019-12-03 10:38:12', '2019-12-03 10:41:07'),
(540, NULL, 26, 25, 231, NULL, '2019-12-03 10:41:07', 'liked', '2019-12-03 10:38:12', '2019-12-03 10:41:07'),
(541, NULL, 26, 25, 231, NULL, '2019-12-03 10:41:07', 'liked', '2019-12-03 10:38:12', '2019-12-03 10:41:07'),
(542, NULL, 26, 25, 231, NULL, '2019-12-03 10:41:07', 'liked', '2019-12-03 10:38:13', '2019-12-03 10:41:07'),
(543, NULL, 26, 25, 231, NULL, '2019-12-03 10:41:07', 'liked', '2019-12-03 10:38:27', '2019-12-03 10:41:07'),
(544, NULL, 26, 25, 231, NULL, '2019-12-03 10:41:07', 'liked', '2019-12-03 10:38:27', '2019-12-03 10:41:07'),
(545, NULL, 26, 25, 231, NULL, '2019-12-03 10:41:07', 'liked', '2019-12-03 10:38:28', '2019-12-03 10:41:07'),
(546, NULL, 26, 25, 231, NULL, '2019-12-03 10:41:07', 'liked', '2019-12-03 10:38:29', '2019-12-03 10:41:07'),
(547, NULL, 26, 25, 231, NULL, '2019-12-03 10:41:07', 'liked', '2019-12-03 10:38:32', '2019-12-03 10:41:07'),
(548, NULL, 26, 25, 231, NULL, '2019-12-03 10:41:07', 'commented', '2019-12-03 10:38:35', '2019-12-03 10:41:07'),
(549, NULL, 26, 25, 231, NULL, '2019-12-03 10:41:07', 'commented', '2019-12-03 10:38:37', '2019-12-03 10:41:07'),
(550, NULL, 26, 25, 231, NULL, '2019-12-03 10:41:07', 'commented', '2019-12-03 10:38:38', '2019-12-03 10:41:07'),
(551, NULL, 26, 25, 231, NULL, '2019-12-03 10:41:07', 'commented', '2019-12-03 10:38:39', '2019-12-03 10:41:07'),
(552, NULL, 26, 25, 231, NULL, '2019-12-03 10:41:06', 'commented', '2019-12-03 10:38:45', '2019-12-03 10:41:06'),
(553, NULL, 26, 25, 231, NULL, '2019-12-03 10:41:01', 'commented', '2019-12-03 10:38:58', '2019-12-03 10:41:01'),
(554, NULL, 26, 25, 231, NULL, '2019-12-03 10:45:35', 'commented', '2019-12-03 10:41:32', '2019-12-03 10:45:35'),
(555, NULL, 26, 25, 231, NULL, '2019-12-03 10:45:35', 'commented', '2019-12-03 10:41:36', '2019-12-03 10:45:35'),
(556, NULL, 26, 25, 231, NULL, '2019-12-03 10:45:35', 'commented', '2019-12-03 10:41:38', '2019-12-03 10:45:35'),
(557, NULL, 26, 25, 231, NULL, '2019-12-03 10:45:35', 'commented', '2019-12-03 10:41:39', '2019-12-03 10:45:35'),
(558, NULL, 25, 26, 234, NULL, '2019-12-03 10:43:43', 'liked', '2019-12-03 10:42:38', '2019-12-03 10:43:43'),
(559, NULL, 25, 26, 234, NULL, '2019-12-03 10:43:40', 'commented', '2019-12-03 10:42:42', '2019-12-03 10:43:40'),
(560, NULL, 26, 25, 213, NULL, '2019-12-03 10:45:35', 'liked', '2019-12-03 10:43:00', '2019-12-03 10:45:35'),
(561, NULL, 26, 25, 213, NULL, '2019-12-03 10:45:35', 'liked', '2019-12-03 10:43:04', '2019-12-03 10:45:35'),
(562, NULL, 26, 25, 213, NULL, '2019-12-03 10:45:35', 'liked', '2019-12-03 10:43:04', '2019-12-03 10:45:35'),
(563, NULL, 26, 25, 213, NULL, '2019-12-03 10:45:35', 'liked', '2019-12-03 10:43:04', '2019-12-03 10:45:35'),
(564, NULL, 25, 26, 234, NULL, '2019-12-03 10:43:33', 'liked', '2019-12-03 10:43:15', '2019-12-03 10:43:33'),
(565, NULL, 25, 26, 234, NULL, '2019-12-03 10:43:33', 'liked', '2019-12-03 10:43:19', '2019-12-03 10:43:33'),
(566, NULL, 25, 26, 234, NULL, '2019-12-03 10:43:32', 'liked', '2019-12-03 10:43:21', '2019-12-03 10:43:32'),
(567, NULL, 25, 26, 234, NULL, '2019-12-03 10:43:32', 'liked', '2019-12-03 10:43:21', '2019-12-03 10:43:32'),
(568, NULL, 25, 26, 234, NULL, '2019-12-03 10:43:38', 'liked', '2019-12-03 10:43:22', '2019-12-03 10:43:38'),
(569, NULL, 25, 26, 234, NULL, '2019-12-03 10:43:29', 'liked', '2019-12-03 10:43:24', '2019-12-03 10:43:29'),
(570, NULL, 25, 26, 234, NULL, '2019-12-03 10:44:32', 'liked', '2019-12-03 10:44:17', '2019-12-03 10:44:32'),
(571, NULL, 25, 26, 234, NULL, '2019-12-03 10:44:32', 'liked', '2019-12-03 10:44:19', '2019-12-03 10:44:32'),
(572, NULL, 25, 26, 234, NULL, '2019-12-03 10:44:32', 'liked', '2019-12-03 10:44:20', '2019-12-03 10:44:32'),
(573, NULL, 25, 26, 234, NULL, '2019-12-03 10:44:32', 'liked', '2019-12-03 10:44:22', '2019-12-03 10:44:32'),
(574, NULL, 25, 26, 234, NULL, '2019-12-03 10:44:32', 'liked', '2019-12-03 10:44:24', '2019-12-03 10:44:32'),
(575, NULL, 25, 26, 234, NULL, '2019-12-03 10:44:32', 'liked', '2019-12-03 10:44:27', '2019-12-03 10:44:32'),
(576, NULL, 26, 25, 231, NULL, '2019-12-03 10:45:35', 'liked', '2019-12-03 10:45:28', '2019-12-03 10:45:35'),
(577, NULL, 26, 25, 231, NULL, '2019-12-03 10:51:29', 'liked', '2019-12-03 10:48:34', '2019-12-03 10:51:29'),
(578, NULL, 26, 25, 231, NULL, '2019-12-03 10:57:59', 'liked', '2019-12-03 10:51:32', '2019-12-03 10:57:59'),
(579, NULL, 26, 25, 231, NULL, '2019-12-03 10:57:12', 'commented', '2019-12-03 10:51:41', '2019-12-03 10:57:12'),
(580, NULL, 26, 25, NULL, NULL, '2019-12-03 10:57:59', 'followed', '2019-12-03 10:51:50', '2019-12-03 10:57:59'),
(581, NULL, 26, 25, 213, NULL, '2019-12-03 10:52:29', 'liked', '2019-12-03 10:52:18', '2019-12-03 10:52:29'),
(582, NULL, 26, 25, 213, NULL, '2019-12-03 10:57:59', 'liked', '2019-12-03 10:52:36', '2019-12-03 10:57:59'),
(583, NULL, 26, 25, 213, NULL, '2019-12-03 10:57:59', 'commented', '2019-12-03 10:53:13', '2019-12-03 10:57:59'),
(584, NULL, 26, 25, 212, NULL, '2019-12-03 10:57:59', 'liked', '2019-12-03 10:53:25', '2019-12-03 10:57:59'),
(585, NULL, 26, 25, 231, NULL, '2019-12-03 10:57:59', 'commented', '2019-12-03 10:57:27', '2019-12-03 10:57:59'),
(586, NULL, 26, 25, 231, NULL, '2019-12-03 10:58:51', 'liked', '2019-12-03 10:58:02', '2019-12-03 10:58:51'),
(587, NULL, 26, 25, 213, NULL, '2019-12-03 10:58:51', 'liked', '2019-12-03 10:58:24', '2019-12-03 10:58:51'),
(588, NULL, 26, 25, 231, NULL, '2019-12-03 10:59:33', 'liked', '2019-12-03 10:58:54', '2019-12-03 10:59:33'),
(589, NULL, 26, 25, 213, NULL, '2019-12-03 10:59:33', 'liked', '2019-12-03 10:58:59', '2019-12-03 10:59:33'),
(590, NULL, 26, 25, 212, NULL, '2019-12-03 10:59:33', 'liked', '2019-12-03 10:59:17', '2019-12-03 10:59:33'),
(591, NULL, 26, 25, 213, NULL, '2019-12-03 11:00:35', 'liked', '2019-12-03 10:59:35', '2019-12-03 11:00:35'),
(592, NULL, 25, 26, 234, NULL, '2019-12-03 11:01:32', 'commented', '2019-12-03 11:00:46', '2019-12-03 11:01:32'),
(593, NULL, 25, 26, 234, NULL, '2019-12-03 11:01:32', 'liked', '2019-12-03 11:00:59', '2019-12-03 11:01:32'),
(594, NULL, 25, 26, 234, NULL, '2019-12-03 11:02:18', 'liked', '2019-12-03 11:01:38', '2019-12-03 11:02:18'),
(595, NULL, 25, 26, 234, NULL, '2019-12-03 11:03:25', 'liked', '2019-12-03 11:02:23', '2019-12-03 11:03:25'),
(596, NULL, 25, 26, 234, NULL, '2019-12-03 11:03:25', 'commented', '2019-12-03 11:02:26', '2019-12-03 11:03:25'),
(597, NULL, 25, 26, 234, NULL, '2019-12-03 11:04:28', 'liked', '2019-12-03 11:03:28', '2019-12-03 11:04:28'),
(598, NULL, 25, 26, 234, NULL, '2019-12-03 11:04:28', 'commented', '2019-12-03 11:03:30', '2019-12-03 11:04:28'),
(599, NULL, 25, 26, NULL, NULL, '2019-12-03 11:04:28', 'followed', '2019-12-03 11:03:48', '2019-12-03 11:04:28'),
(600, NULL, 25, 26, 235, NULL, '2019-12-03 11:04:28', 'liked', '2019-12-03 11:03:52', '2019-12-03 11:04:28'),
(601, NULL, 25, 26, 235, NULL, '2019-12-03 11:04:28', 'commented', '2019-12-03 11:03:55', '2019-12-03 11:04:28'),
(602, NULL, 25, 26, 236, NULL, '2019-12-03 11:04:28', 'liked', '2019-12-03 11:04:05', '2019-12-03 11:04:28'),
(603, NULL, 25, 26, 236, NULL, '2019-12-03 11:04:28', 'commented', '2019-12-03 11:04:06', '2019-12-03 11:04:28'),
(604, NULL, 25, 26, 236, NULL, '2019-12-03 11:05:16', 'liked', '2019-12-03 11:04:45', '2019-12-03 11:05:16'),
(605, NULL, 25, 26, 235, NULL, '2019-12-03 11:05:16', 'liked', '2019-12-03 11:04:50', '2019-12-03 11:05:16'),
(606, NULL, 25, 26, 235, NULL, '2019-12-03 11:05:16', 'commented', '2019-12-03 11:05:04', '2019-12-03 11:05:16'),
(607, NULL, 25, 26, 236, NULL, '2019-12-03 11:05:16', 'commented', '2019-12-03 11:05:08', '2019-12-03 11:05:16'),
(608, NULL, 25, 26, 236, NULL, '2019-12-03 11:05:57', 'liked', '2019-12-03 11:05:27', '2019-12-03 11:05:57'),
(609, NULL, 25, 26, 236, NULL, '2019-12-03 11:05:57', 'commented', '2019-12-03 11:05:29', '2019-12-03 11:05:57'),
(610, NULL, 25, 26, 235, NULL, '2019-12-03 11:05:57', 'liked', '2019-12-03 11:05:31', '2019-12-03 11:05:57'),
(611, NULL, 25, 26, 235, NULL, '2019-12-03 11:05:57', 'commented', '2019-12-03 11:05:33', '2019-12-03 11:05:57'),
(612, NULL, 25, 26, 234, NULL, '2019-12-03 11:05:57', 'liked', '2019-12-03 11:05:37', '2019-12-03 11:05:57'),
(613, NULL, 25, 26, 234, NULL, '2019-12-03 11:05:57', 'commented', '2019-12-03 11:05:40', '2019-12-03 11:05:57'),
(614, NULL, 25, 26, NULL, NULL, '2019-12-03 11:05:57', 'followed', '2019-12-03 11:05:50', '2019-12-03 11:05:57'),
(615, NULL, 26, 32, NULL, NULL, NULL, 'followed', '2019-12-03 11:07:08', '2019-12-03 11:07:08'),
(616, NULL, 25, 26, 236, NULL, '2019-12-03 11:36:45', 'liked', '2019-12-03 11:36:42', '2019-12-03 11:36:45'),
(617, NULL, 25, 26, 236, NULL, '2019-12-03 11:36:58', 'liked', '2019-12-03 11:36:57', '2019-12-03 11:36:58'),
(618, NULL, 25, 26, 236, NULL, '2019-12-03 11:37:58', 'liked', '2019-12-03 11:37:31', '2019-12-03 11:37:58'),
(619, NULL, 25, 26, 236, NULL, '2019-12-03 11:38:29', 'liked', '2019-12-03 11:38:21', '2019-12-03 11:38:29'),
(620, NULL, 25, 26, 236, NULL, '2019-12-03 11:38:38', 'liked', '2019-12-03 11:38:35', '2019-12-03 11:38:38'),
(621, NULL, 25, 26, 236, NULL, '2019-12-03 11:41:42', 'liked', '2019-12-03 11:38:59', '2019-12-03 11:41:42'),
(622, NULL, 25, 26, 236, NULL, '2019-12-03 11:41:42', 'commented', '2019-12-03 11:39:05', '2019-12-03 11:41:42'),
(623, NULL, 25, 26, 236, NULL, '2019-12-03 11:41:57', 'liked', '2019-12-03 11:41:45', '2019-12-03 11:41:57'),
(624, NULL, 25, 26, 236, NULL, '2019-12-03 11:41:50', 'commented', '2019-12-03 11:41:49', '2019-12-03 11:41:50'),
(625, NULL, 25, 26, 236, NULL, '2019-12-03 11:46:14', 'liked', '2019-12-03 11:46:11', '2019-12-03 11:46:14'),
(626, NULL, 25, 26, 236, NULL, '2019-12-03 11:46:39', 'liked', '2019-12-03 11:46:36', '2019-12-03 11:46:39'),
(627, NULL, 25, 26, 236, NULL, '2019-12-03 11:47:31', 'liked', '2019-12-03 11:47:28', '2019-12-03 11:47:31'),
(628, NULL, 25, 26, 236, NULL, '2019-12-03 11:49:19', 'liked', '2019-12-03 11:49:14', '2019-12-03 11:49:19'),
(629, NULL, 25, 26, 236, NULL, '2019-12-03 11:49:27', 'liked', '2019-12-03 11:49:26', '2019-12-03 11:49:27'),
(630, NULL, 25, 26, 236, NULL, '2019-12-03 11:49:38', 'commented', '2019-12-03 11:49:36', '2019-12-03 11:49:38'),
(631, NULL, 25, 26, 236, NULL, '2019-12-03 11:50:34', 'liked', '2019-12-03 11:50:25', '2019-12-03 11:50:34'),
(632, NULL, 25, 26, 236, NULL, '2019-12-03 11:52:16', 'liked', '2019-12-03 11:52:14', '2019-12-03 11:52:16'),
(633, NULL, 25, 26, 236, NULL, '2019-12-03 11:53:17', 'liked', '2019-12-03 11:53:10', '2019-12-03 11:53:17'),
(634, NULL, 25, 26, 236, NULL, '2019-12-03 11:53:14', 'commented', '2019-12-03 11:53:11', '2019-12-03 11:53:14'),
(635, NULL, 25, 26, 236, NULL, '2019-12-03 11:54:49', 'liked', '2019-12-03 11:54:23', '2019-12-03 11:54:49'),
(636, NULL, 25, 26, 236, NULL, '2019-12-03 11:54:56', 'commented', '2019-12-03 11:54:26', '2019-12-03 11:54:56'),
(637, NULL, 25, 26, 234, NULL, '2019-12-03 11:54:52', 'liked', '2019-12-03 11:54:30', '2019-12-03 11:54:52'),
(638, NULL, 25, 26, 235, NULL, '2019-12-03 11:54:56', 'liked', '2019-12-03 11:54:30', '2019-12-03 11:54:56'),
(639, NULL, 25, 26, 235, NULL, '2019-12-03 11:54:54', 'commented', '2019-12-03 11:54:33', '2019-12-03 11:54:54'),
(640, NULL, 25, 26, 234, NULL, '2019-12-03 11:54:45', 'commented', '2019-12-03 11:54:38', '2019-12-03 11:54:45');

-- --------------------------------------------------------

--
-- Table structure for table `posts`
--

DROP TABLE IF EXISTS `posts`;
CREATE TABLE `posts` (
  `id` int(11) NOT NULL,
  `title` varchar(50) CHARACTER SET latin1 DEFAULT NULL,
  `body` tinytext CHARACTER SET latin1 DEFAULT NULL,
  `retweet_post_id` int(11) DEFAULT NULL,
  `user_id` int(11) NOT NULL,
  `img_path` varchar(255) DEFAULT NULL,
  `created` datetime DEFAULT current_timestamp(),
  `modified` datetime DEFAULT current_timestamp() ON UPDATE current_timestamp(),
  `deleted` datetime DEFAULT NULL
) ENGINE=InnoDB DEFAULT CHARSET=latin7;

--
-- Dumping data for table `posts`
--

INSERT INTO `posts` (`id`, `title`, `body`, `retweet_post_id`, `user_id`, `img_path`, `created`, `modified`, `deleted`) VALUES
(203, 'dsa', 'DsaAA', NULL, 26, NULL, '2019-11-26 11:18:40', '2019-11-28 10:33:44', '0000-00-00 00:00:00'),
(209, '', 'AAff', 203, 26, NULL, '2019-11-26 13:51:08', '2019-11-28 10:56:30', '0000-00-00 00:00:00'),
(210, 'New Post', 'HAHA!', NULL, 26, NULL, '2019-11-26 16:54:41', '2019-12-03 10:26:29', '2019-12-03 10:26:29'),
(211, 'dsa', 'dsadas', NULL, 26, NULL, '2019-11-26 16:59:10', '2019-11-27 16:42:55', '2019-11-27 16:42:55'),
(212, 'Hello World!', 'HALU!!!', NULL, 25, NULL, '2019-11-26 17:27:21', '2019-11-26 17:27:21', NULL),
(213, 'HEHE', 'dsadsa', NULL, 25, '/img/posts/73cee9c5b1e4b95a9826a66fd0059543f98b2b83', '2019-11-26 17:27:32', '2019-11-26 17:27:32', NULL),
(214, '', 'Welcome boy', 213, 26, NULL, '2019-11-26 17:28:11', '2019-12-03 10:26:26', '2019-12-03 10:26:26'),
(215, '', 'Gest', NULL, 26, NULL, '2019-11-27 16:46:09', '2019-11-28 16:52:12', '2019-11-28 16:52:12'),
(216, 'Test', 'fdsafasd', NULL, 26, '/img/posts/c28578b4a916ba255692f00e15dd979152b7cc45', '2019-11-28 16:52:05', '2019-12-03 10:26:24', '2019-12-03 10:26:24'),
(217, '', '', 216, 26, NULL, '2019-11-28 16:52:16', '2019-12-02 13:52:07', '2019-12-02 13:52:07'),
(218, '', 'HAHA!', 216, 25, NULL, '2019-12-02 10:29:21', '2019-12-02 10:29:33', '2019-12-02 10:29:33'),
(219, '', '', 216, 25, NULL, '2019-12-02 10:29:37', '2019-12-02 10:29:37', NULL),
(220, 'For Notification', 'Test', NULL, 26, NULL, '2019-12-02 10:55:23', '2019-12-02 13:52:14', '2019-12-02 13:52:14'),
(221, '', 'Test Share Notification', 220, 25, NULL, '2019-12-02 10:59:15', '2019-12-02 11:15:44', '2019-12-02 11:15:44'),
(222, '', 'eqweq', 220, 25, NULL, '2019-12-02 11:12:36', '2019-12-02 11:15:42', '2019-12-02 11:15:42'),
(223, '', 'dsadas', 220, 25, NULL, '2019-12-02 11:12:41', '2019-12-02 11:15:40', '2019-12-02 11:15:40'),
(224, '', 'sdadas', 220, 25, NULL, '2019-12-02 11:12:49', '2019-12-02 11:15:38', '2019-12-02 11:15:38'),
(225, '', 'Share', 220, 25, NULL, '2019-12-02 11:15:53', '2019-12-02 11:16:12', '2019-12-02 11:16:12'),
(226, '', 'ewq', 220, 25, NULL, '2019-12-02 11:16:02', '2019-12-02 11:16:10', '2019-12-02 11:16:10'),
(227, '', 'ewqewq', 220, 25, NULL, '2019-12-02 11:16:50', '2019-12-02 11:16:50', NULL),
(228, '', 'wqewq', 220, 25, NULL, '2019-12-02 11:16:53', '2019-12-02 11:16:53', NULL),
(229, 'Test', 'ewqeqw', NULL, 26, NULL, '2019-12-02 14:09:05', '2019-12-03 10:05:42', '2019-12-03 10:05:42'),
(230, '', 'Test', 229, 26, NULL, '2019-12-03 09:49:02', '2019-12-03 09:49:21', '2019-12-03 09:49:21'),
(231, 'New Post', 'Hehehe', NULL, 25, NULL, '2019-12-03 09:49:47', '2019-12-03 09:49:47', NULL),
(232, 'afsdfsda', 'fadsfas', NULL, 26, '/img/posts/981e16fe21caf394e0e0edaab16b66cd7a5155c3', '2019-12-03 10:02:05', '2019-12-03 10:05:38', '2019-12-03 10:05:38'),
(233, '', 'TEst', 216, 26, NULL, '2019-12-03 10:26:15', '2019-12-03 10:26:15', NULL),
(234, 'My New', 'saljdas', NULL, 26, NULL, '2019-12-03 10:42:33', '2019-12-03 10:42:33', NULL),
(235, 'fdsafsad', 'dsafadsfsad', NULL, 26, NULL, '2019-12-03 11:03:41', '2019-12-03 11:03:41', NULL),
(236, 'fasdfasd', 'fsadfasd', NULL, 26, NULL, '2019-12-03 11:04:00', '2019-12-03 11:04:00', NULL),
(237, 'test', '<script>alert(document.cookie)</script>', NULL, 26, NULL, '2019-12-03 13:03:55', '2019-12-03 13:03:55', NULL);

-- --------------------------------------------------------

--
-- Table structure for table `users`
--

DROP TABLE IF EXISTS `users`;
CREATE TABLE `users` (
  `id` int(11) NOT NULL,
  `username` varchar(20) NOT NULL,
  `first_name` varchar(70) NOT NULL,
  `last_name` varchar(35) NOT NULL,
  `email` varchar(50) NOT NULL,
  `birthdate` date NOT NULL,
  `password` varchar(255) DEFAULT NULL,
  `sex` enum('M','F') DEFAULT NULL,
  `role` enum('ADMIN','USER') NOT NULL DEFAULT 'USER',
  `avatar_url` text DEFAULT NULL,
  `is_activated` tinyint(1) NOT NULL DEFAULT 0,
  `activation_key` varchar(255) DEFAULT NULL,
  `created` datetime DEFAULT current_timestamp(),
  `modified` datetime DEFAULT current_timestamp() ON UPDATE current_timestamp(),
  `deleted` datetime DEFAULT NULL
) ENGINE=InnoDB DEFAULT CHARSET=latin1 COMMENT='																';

--
-- Dumping data for table `users`
--

INSERT INTO `users` (`id`, `username`, `first_name`, `last_name`, `email`, `birthdate`, `password`, `sex`, `role`, `avatar_url`, `is_activated`, `activation_key`, `created`, `modified`, `deleted`) VALUES
(25, 'testaccount', 'Paolo', 'Julian', 'newemail@gmail.com', '1994-12-07', '$2y$10$x2KJTEooFR3C.JXN8nUWmOYVCK3SqM6w53VwOAveRLWP6Xo4moOPe', 'M', 'USER', NULL, 1, '70b45cd46d274bd1374324a7dcc877e4ed1600aa231582001574304871', '2019-11-21 02:54:31', '2019-11-22 14:28:38', NULL),
(26, 'jhonnamae', 'Jhonna Mae', 'Julian', 'scottypipz@gmail.com', '1997-07-30', '$2y$10$J0bGbYF8fgxP2WgQfMAV5eLHXaL/GlvTs7o4s2EiMNT7THg9GIXKa', 'F', 'USER', '/img/profiles/26/a482598b9b29fea301c836e3f321bf828e08a1ea', 1, '70b45cd46d274bd1374324a7dcc877e4ed1600aa627664001574322590', '2019-11-21 15:49:50', '2019-12-03 13:13:34', NULL),
(27, 'test1', 'Jhonna Mae', 'Gines', 'test1@gmail.com', '1997-07-30', '$2y$10$J0bGbYF8fgxP2WgQfMAV5eLHXaL/GlvTs7o4s2EiMNT7THg9GIXKa', 'F', 'USER', NULL, 1, '70b45cd46d274bd1374324a7dcc877e4ed1600aa627664001574322590', '2019-11-21 15:49:50', '2019-11-21 15:51:46', NULL),
(28, 'test2', 'Jhonna Mae', 'Gines', 'test2@gmail.com', '1997-07-30', '$2y$10$J0bGbYF8fgxP2WgQfMAV5eLHXaL/GlvTs7o4s2EiMNT7THg9GIXKa', 'F', 'USER', NULL, 1, '70b45cd46d274bd1374324a7dcc877e4ed1600aa627664001574322590', '2019-11-21 15:49:50', '2019-11-21 15:51:46', NULL),
(29, 'test3', 'Jhonna Mae', 'Gines', 'test3@gmail.com', '1997-07-30', '$2y$10$J0bGbYF8fgxP2WgQfMAV5eLHXaL/GlvTs7o4s2EiMNT7THg9GIXKa', 'F', 'USER', NULL, 1, '70b45cd46d274bd1374324a7dcc877e4ed1600aa627664001574322590', '2019-11-21 15:49:50', '2019-11-21 15:51:46', NULL),
(30, 'test4', 'Jhonna Mae', 'Gines', 'test4@gmail.com', '1997-07-30', '$2y$10$J0bGbYF8fgxP2WgQfMAV5eLHXaL/GlvTs7o4s2EiMNT7THg9GIXKa', 'F', 'USER', NULL, 1, '70b45cd46d274bd1374324a7dcc877e4ed1600aa627664001574322590', '2019-11-21 15:49:50', '2019-11-21 15:51:46', NULL),
(31, 'test5', 'Jhonna Mae', 'Gines', 'test5@gmail.com', '1997-07-30', '$2y$10$J0bGbYF8fgxP2WgQfMAV5eLHXaL/GlvTs7o4s2EiMNT7THg9GIXKa', 'F', 'USER', NULL, 1, '70b45cd46d274bd1374324a7dcc877e4ed1600aa627664001574322590', '2019-11-21 15:49:50', '2019-11-21 15:51:46', NULL),
(32, 'test6', 'Jhonna Mae', 'Gines', 'test6@gmail.com', '1997-07-30', '$2y$10$J0bGbYF8fgxP2WgQfMAV5eLHXaL/GlvTs7o4s2EiMNT7THg9GIXKa', 'F', 'USER', NULL, 1, '70b45cd46d274bd1374324a7dcc877e4ed1600aa627664001574322590', '2019-11-21 15:49:50', '2019-11-21 15:51:46', NULL),
(33, 'test11', 'Jhonna Mae', 'Gines', 'test11@gmail.com', '1997-07-30', '$2y$10$J0bGbYF8fgxP2WgQfMAV5eLHXaL/GlvTs7o4s2EiMNT7THg9GIXKa', 'F', 'USER', NULL, 1, '70b45cd46d274bd1374324a7dcc877e4ed1600aa627664001574322590', '2019-11-21 15:49:50', '2019-11-21 15:51:46', NULL),
(34, 'test12', 'Jhonna Mae', 'Gines', 'test12@gmail.com', '1997-07-30', '$2y$10$J0bGbYF8fgxP2WgQfMAV5eLHXaL/GlvTs7o4s2EiMNT7THg9GIXKa', 'F', 'USER', NULL, 1, '70b45cd46d274bd1374324a7dcc877e4ed1600aa627664001574322590', '2019-11-21 15:49:50', '2019-11-21 15:51:46', NULL),
(35, 'test13', 'Jhonna Mae', 'Gines', 'test13@gmail.com', '1997-07-30', '$2y$10$J0bGbYF8fgxP2WgQfMAV5eLHXaL/GlvTs7o4s2EiMNT7THg9GIXKa', 'F', 'USER', NULL, 1, '70b45cd46d274bd1374324a7dcc877e4ed1600aa627664001574322590', '2019-11-21 15:49:50', '2019-11-21 15:51:46', NULL),
(36, 'test14', 'Jhonna Mae', 'Gines', 'test14@gmail.com', '1997-07-30', '$2y$10$J0bGbYF8fgxP2WgQfMAV5eLHXaL/GlvTs7o4s2EiMNT7THg9GIXKa', 'F', 'USER', NULL, 1, '70b45cd46d274bd1374324a7dcc877e4ed1600aa627664001574322590', '2019-11-21 15:49:50', '2019-11-21 15:51:46', NULL),
(37, 'test15', 'Jhonna Mae', 'Gines', 'test15@gmail.com', '1997-07-30', '$2y$10$J0bGbYF8fgxP2WgQfMAV5eLHXaL/GlvTs7o4s2EiMNT7THg9GIXKa', 'F', 'USER', NULL, 1, '70b45cd46d274bd1374324a7dcc877e4ed1600aa627664001574322590', '2019-11-21 15:49:50', '2019-11-21 15:51:46', NULL),
(38, 'test16', 'Jhonna Mae', 'Gines', 'test16@gmail.com', '1997-07-30', '$2y$10$J0bGbYF8fgxP2WgQfMAV5eLHXaL/GlvTs7o4s2EiMNT7THg9GIXKa', 'F', 'USER', NULL, 1, '70b45cd46d274bd1374324a7dcc877e4ed1600aa627664001574322590', '2019-11-21 15:49:50', '2019-11-21 15:51:46', NULL),
(39, 'test20', 'Jhonna Mae', 'Gines', 'test17@gmail.com', '1997-07-30', '$2y$10$J0bGbYF8fgxP2WgQfMAV5eLHXaL/GlvTs7o4s2EiMNT7THg9GIXKa', 'F', 'USER', NULL, 1, '70b45cd46d274bd1374324a7dcc877e4ed1600aa627664001574322590', '2019-11-21 15:49:50', '2019-11-21 15:51:46', NULL),
(40, 'test21', 'Jhonna Mae', 'Gines', 'test18@gmail.com', '1997-07-30', '$2y$10$J0bGbYF8fgxP2WgQfMAV5eLHXaL/GlvTs7o4s2EiMNT7THg9GIXKa', 'F', 'USER', NULL, 1, '70b45cd46d274bd1374324a7dcc877e4ed1600aa627664001574322590', '2019-11-21 15:49:50', '2019-11-21 15:51:46', NULL),
(41, 'test22', 'Jhonna Mae', 'Gines', 'test19@gmail.com', '1997-07-30', '$2y$10$J0bGbYF8fgxP2WgQfMAV5eLHXaL/GlvTs7o4s2EiMNT7THg9GIXKa', 'F', 'USER', NULL, 1, '70b45cd46d274bd1374324a7dcc877e4ed1600aa627664001574322590', '2019-11-21 15:49:50', '2019-11-21 15:51:46', NULL),
(42, 'test23', 'Jhonna Mae', 'Gines', 'test20@gmail.com', '1997-07-30', '$2y$10$J0bGbYF8fgxP2WgQfMAV5eLHXaL/GlvTs7o4s2EiMNT7THg9GIXKa', 'F', 'USER', NULL, 1, '70b45cd46d274bd1374324a7dcc877e4ed1600aa627664001574322590', '2019-11-21 15:49:50', '2019-11-21 15:51:46', NULL);

--
-- Indexes for dumped tables
--

--
-- Indexes for table `comments`
--
ALTER TABLE `comments`
  ADD PRIMARY KEY (`id`);

--
-- Indexes for table `followers`
--
ALTER TABLE `followers`
  ADD PRIMARY KEY (`id`);

--
-- Indexes for table `likes`
--
ALTER TABLE `likes`
  ADD PRIMARY KEY (`id`);

--
-- Indexes for table `notifications`
--
ALTER TABLE `notifications`
  ADD PRIMARY KEY (`id`);

--
-- Indexes for table `posts`
--
ALTER TABLE `posts`
  ADD PRIMARY KEY (`id`);

--
-- Indexes for table `users`
--
ALTER TABLE `users`
  ADD PRIMARY KEY (`id`);

--
-- AUTO_INCREMENT for dumped tables
--

--
-- AUTO_INCREMENT for table `comments`
--
ALTER TABLE `comments`
  MODIFY `id` int(11) NOT NULL AUTO_INCREMENT, AUTO_INCREMENT=297;

--
-- AUTO_INCREMENT for table `followers`
--
ALTER TABLE `followers`
  MODIFY `id` int(11) NOT NULL AUTO_INCREMENT, AUTO_INCREMENT=204;

--
-- AUTO_INCREMENT for table `likes`
--
ALTER TABLE `likes`
  MODIFY `id` int(11) NOT NULL AUTO_INCREMENT, AUTO_INCREMENT=742;

--
-- AUTO_INCREMENT for table `notifications`
--
ALTER TABLE `notifications`
  MODIFY `id` int(11) NOT NULL AUTO_INCREMENT, AUTO_INCREMENT=641;

--
-- AUTO_INCREMENT for table `posts`
--
ALTER TABLE `posts`
  MODIFY `id` int(11) NOT NULL AUTO_INCREMENT, AUTO_INCREMENT=238;

--
-- AUTO_INCREMENT for table `users`
--
ALTER TABLE `users`
  MODIFY `id` int(11) NOT NULL AUTO_INCREMENT, AUTO_INCREMENT=43;
COMMIT;

/*!40101 SET CHARACTER_SET_CLIENT=@OLD_CHARACTER_SET_CLIENT */;
/*!40101 SET CHARACTER_SET_RESULTS=@OLD_CHARACTER_SET_RESULTS */;
/*!40101 SET COLLATION_CONNECTION=@OLD_COLLATION_CONNECTION */;
